date,temperature,rainfall,wind_speed,humidity,pressure,disaster_occurred
2023-03-24 19:29:48.028918,25.993428306022466,10.195845255097682,14.30772008008113,44.01875648116253,1009.4058380619564,0
2023-03-25 19:29:48.028918,24.895841058699524,9.107812052905915,8.878508818553172,64.62172666081943,1016.7250265643864,0
2023-03-26 19:29:48.028918,26.640065181213387,10.580596808220474,13.954883713569874,80.24309623286852,1012.0265135194165,0
2023-03-27 19:29:48.028918,28.562963842872996,8.555868460790633,10.7473977289535,46.368259954071895,1012.6790591144575,0
2023-03-28 19:29:48.028918,25.220659815308903,11.373638919703431,12.097382750976386,61.89706167610396,1013.4587624222419,0
2023-03-29 19:29:48.028918,25.392550369425475,10.903009624074961,17.94289202210305,53.38017822203391,1014.2612019821333,0
2023-03-30 19:29:48.028918,29.1908518518208,10.772242844716883,23.34952252175703,64.25887206193036,1012.4188547843902,0
2023-03-31 19:29:48.028918,27.738590846553738,11.584551678069474,16.973357649114906,60.19147777415752,1014.0735659158527,0
2023-04-01 19:29:48.028918,25.435710115977614,12.352803888386335,9.020584689824078,53.5851309095569,1020.8905902878109,0
2023-04-02 19:29:48.028918,27.630308015250336,11.786964029057334,17.223013341100703,64.87872284871074,1017.927248428076,0
2023-04-03 19:29:48.028918,25.78842245315689,9.016754688059262,20.983157433228257,78.04348109786743,1017.3457729624845,0
2023-04-04 19:29:48.028918,25.953358579081925,9.662832076375517,11.951085478403089,58.09096208272701,1010.7223023698806,0
2023-04-05 19:29:48.028918,27.53774283123589,10.40209056635623,14.329914166635412,67.19757942148182,1008.5537958588584,0
2023-04-06 19:29:48.028918,23.395647739223072,11.137195164480168,15.073440973645985,47.06727042128836,1017.7765027911888,0
2023-04-07 19:29:48.028918,23.940102207943713,11.712627956954012,11.0755084345888,50.43563623181991,1017.380233962649,0
2023-04-08 19:29:48.028918,26.432382324555093,10.552734878365053,18.241402169219295,64.72406277880377,1020.3633533787549,1
2023-04-09 19:29:48.028918,25.69755489071732,11.548375330170161,14.395259256961092,74.84116028535965,1009.9800968701538,0
2023-04-10 19:29:48.028918,28.51716238160529,10.688950925854048,17.097662219535138,63.5561334878566,1011.8522567231983,0
2023-04-11 19:29:48.028918,26.23721182590871,10.915112185483618,10.5625391109895,56.86941969476845,1004.8025791873729,0
2023-04-12 19:29:48.028918,25.392337604191443,10.201811406582792,12.812708498382948,59.99291405423354,1011.0376444696956,0
2023-04-13 19:29:48.028918,31.31097170742725,10.766603838681167,18.611906789138857,47.495922660302824,1017.9828525528973,0
2023-04-14 19:29:48.028918,28.089846511602804,10.419014950671603,13.135834239541165,66.04515326355367,1010.667523103859,0
2023-04-15 19:29:48.028918,28.837128191060366,10.875162637864925,23.634819256167027,68.82333062323409,1016.2023989760041,0
2023-04-16 19:29:48.028918,26.01214806299792,12.984464014320256,13.001819071926988,55.4790966716692,1012.047484470011,0
2023-04-17 19:29:48.028918,27.931304210114376,11.060635940750426,16.12342362875943,55.299578522404985,1014.6202851411078,0
2023-04-18 19:29:48.028918,29.39914555863358,14.721032254444316,19.662954159365448,62.658782296520485,1007.2615430509217,0
2023-04-19 19:29:48.028918,27.03130272196611,12.659962839286248,7.908171335334842,55.63280263959405,1013.4260472481695,0
2023-04-20 19:29:48.028918,30.239387838695965,12.428832024697185,6.19595594009612,59.338673853741774,998.0443201454964,0
2023-04-21 19:29:48.028918,28.440082807590148,11.462322313532665,7.371718427149526,80.99721789166516,1012.06551920919,0
2023-04-22 19:29:48.028918,29.2099619623672,13.096984610385867,21.31292051713591,57.52974299254004,1004.8476337814243,0
2023-04-23 19:29:48.028918,28.740501239779675,11.89631940588146,12.240709270537767,56.41659847978778,1019.0299725827341,0
2023-04-24 19:29:48.028918,33.797566825156856,12.668515042714853,27.79099642834126,53.52458194364841,1016.8870367638226,0
2023-04-25 19:29:48.028918,30.21359868653103,15.180381106272243,12.178762006713058,67.44191971499937,1015.3333549098304,0
2023-04-26 19:29:48.028918,28.271196793940074,12.597249426201287,15.922756515985185,58.18775826781897,1020.6050311357969,0
2023-04-27 19:29:48.028918,32.17613343857803,13.9147951334715,22.710549762839378,53.506269616785744,1008.2554173958758,0
2023-04-28 19:29:48.028918,28.23213780990242,12.133736129796345,25.030464440795615,73.21304032273012,1021.7368159895777,0
2023-04-29 19:29:48.028918,31.232647902889777,12.87247186594317,25.307517883181987,74.19603004513637,1017.660957821302,0
2023-04-30 19:29:48.028918,27.03494825126723,14.7479448851489,21.041831152965713,53.99576434261295,1011.8172235639053,0
2023-05-01 19:29:48.028918,28.435514959429863,12.418976470825594,20.120312629057313,41.33460048639384,1018.6781007359148,0
2023-05-02 19:29:48.028918,31.621397973860738,14.926286309058174,17.962634746005914,70.07513689836922,1007.4685324379418,0
2023-05-03 19:29:48.028918,32.83854664619545,13.888558678557787,18.89180538083319,53.15370174239996,1008.8774291923617,0
2023-05-04 19:29:48.028918,31.836397774180412,12.684363830005967,12.244071418357333,67.90625599162769,1009.9570513838015,0
2023-05-05 19:29:48.028918,31.392482878122998,13.944297460505261,10.909005582888465,40.298961822881644,1010.35511145968,0
2023-05-06 19:29:48.028918,31.149722125632998,14.348519208032517,14.98312771294524,68.92597338299309,1007.7172117861987,0
2023-05-07 19:29:48.028918,28.92102937492037,14.060846640044808,14.149076887375358,47.88828070719219,1019.1154153354767,0
2023-05-08 19:29:48.028918,30.562485060882267,11.930862018945385,12.733859753363625,67.30764119066525,1011.7057279981508,0
2023-05-09 19:29:48.028918,31.202915466442594,12.834959328356216,18.481937237283578,60.142730678364344,1014.7625248417844,0
2023-05-10 19:29:48.028918,34.35834014388238,13.37452921017077,19.776526042852552,50.460605806033556,1010.1482431679316,0
2023-05-11 19:29:48.028918,33.049082478763275,13.60648952071313,15.442034431459236,55.929636870732196,1003.8969834972575,0
2023-05-12 19:29:48.028918,28.951328334465437,14.359376420146129,22.38765040527631,66.86318456956701,1014.3502867919572,0
2023-05-13 19:29:48.028918,33.23891752918298,13.973075796129947,9.291554429332475,61.05894453115234,1003.4387251229011,0
2023-05-14 19:29:48.028918,31.931670496831167,12.515573170121797,14.03170270360141,65.84412980472484,1012.6568297695727,0
2023-05-15 19:29:48.028918,31.456788039001818,14.285513870812832,11.415888396985975,79.76440584515485,1006.1584248058359,0
2023-05-16 19:29:48.028918,34.140460786525786,14.569139849705845,5.6673169146347,44.357583882889486,1022.9363799961541,0
2023-05-17 19:29:48.028918,35.08323097254234,14.570406411706259,14.586596570786504,76.17212574968624,1017.5568136108736,0
2023-05-18 19:29:48.028918,34.98553249515657,15.142266854016707,14.391262458083583,61.04355937523213,1013.5287689563575,0
2023-05-19 19:29:48.028918,31.543863919899803,14.945071637721442,22.567248716210656,51.01215951676872,1019.3185333882733,0
2023-05-20 19:29:48.028918,32.70075779066169,14.618771350410496,18.154058422773886,46.696863742610105,1008.7684201126713,1
2023-05-21 19:29:48.028918,34.07612106028,14.136631387277792,9.879065878353975,58.10879609222967,1015.7173968933505,0
2023-05-22 19:29:48.028918,35.456596132902064,12.591792005812684,24.27046283167094,69.2165011192446,1013.9990521685936,0
2023-05-23 19:29:48.028918,32.63654180004287,14.727063356999311,21.105168477626766,58.724508796224654,1014.3201004066683,0
2023-05-24 19:29:48.028918,33.31040287613422,14.548548101894037,17.91048851734308,75.11154930247348,1019.3617675005338,0
2023-05-25 19:29:48.028918,31.553301791427593,14.654564706915199,13.86757950575084,45.48824309948441,1016.662460513899,0
2023-05-26 19:29:48.028918,31.45520472360524,13.147060410062979,10.202803816382602,59.87911052153945,1014.4436183141252,0
2023-05-27 19:29:48.028918,35.551686911271844,13.38226109283346,13.138966119644735,47.47606555586881,1004.7255628188585,0
2023-05-28 19:29:48.028918,36.71548020192229,15.554652925723225,20.44374309852093,63.63631882624968,1008.1997685236026,0
2023-05-29 19:29:48.028918,33.932669672813816,14.498789804130588,24.422931529673043,68.868873900973,1012.3864553320213,0
2023-05-30 19:29:48.028918,36.15474848003351,15.255342039497355,22.716217641360945,55.792382063189464,1013.4668618713832,0
2023-05-31 19:29:48.028918,34.93922940525946,14.636297053712557,12.555752891068629,33.95786143372866,1007.3489813766304,0
2023-06-01 19:29:48.028918,32.99125413270912,14.67050296045543,9.401912833554944,61.98948146796494,1025.0583833778921,1
2023-06-02 19:29:48.028918,35.06706328240248,15.610419841668824,15.70443123455602,64.3673855173351,1020.5819702762678,0
2023-06-03 19:29:48.028918,37.480347122821776,14.186092266727545,6.1578031721857425,64.04294754961698,1016.0105916019625,0
2023-06-04 19:29:48.028918,34.3898294905376,14.826861561319737,16.615838570923906,72.35782191822155,1013.3601843064188,0
2023-06-05 19:29:48.028918,37.64516512123855,14.295663616100226,14.261987068506656,49.28946320350951,1011.9389551504943,0
2023-06-06 19:29:48.028918,29.327956341238462,14.34922704727666,12.669817490658788,66.8021610545045,1008.2404076998888,0
2023-06-07 19:29:48.028918,36.25997747404894,14.498914109180605,7.0264846636660225,71.92507512477975,1013.3874025925943,0
2023-06-08 19:29:48.028918,34.83613521554994,15.05315431117051,17.568000532848583,42.21412415993483,1014.2887627007137,0
2023-06-09 19:29:48.028918,34.107024060637634,14.373770759121207,12.336495801690443,63.19651825918977,1006.7911971225918,0
2023-06-10 19:29:48.028918,34.9286742897373,16.12833249390667,9.15041582144856,54.958201689923285,1014.6708820862245,0
2023-06-11 19:29:48.028918,30.807233255893685,13.996578240328232,0.6386889335917534,59.18477326898354,1012.2237047558763,1
2023-06-12 19:29:48.028918,34.37733897230518,14.721469729828748,14.862425474746818,63.476764835383364,1003.460962210613,0
2023-06-13 19:29:48.028918,35.562302673145574,14.484307706786865,23.86125798334872,55.12771435886448,1008.6980749461025,0
2023-06-14 19:29:48.028918,37.83233419251322,16.38525093586883,23.30629607273935,53.24291920838388,1010.9319723328917,0
2023-06-15 19:29:48.028918,33.865539571145774,15.14759478035811,12.714518717068641,60.34152417488025,1022.438438286701,0
2023-06-16 19:29:48.028918,33.307684451305725,15.994180368014684,11.988939698191096,49.12754061137197,1015.7827656226688,0
2023-06-17 19:29:48.028918,33.9408002512868,13.486596796190966,17.34387128037512,49.141748711148146,1006.3225921545005,0
2023-06-18 19:29:48.028918,36.791806450658996,15.247551373496682,10.008072804058543,66.79373282956503,1015.4301814470882,0
2023-06-19 19:29:48.028918,35.632232548254905,15.876995960091204,16.50895949909733,48.51205964841344,1005.2634800553082,0
2023-06-20 19:29:48.028918,33.92597419285979,15.07503128947236,18.830401391923452,66.66312500909211,1018.4134552694354,0
2023-06-21 19:29:48.028918,36.01982669741399,16.06212629065899,21.13466611942154,64.6259129285395,1010.6443767409106,0
2023-06-22 19:29:48.028918,35.19227480318109,14.481771402142135,14.499229617600236,42.741932712094034,1012.5318190563041,0
2023-06-23 19:29:48.028918,36.93726676682238,16.409335833063878,13.981631249115171,53.22435347664345,1019.6289832377109,0
2023-06-24 19:29:48.028918,33.59475633544334,17.298329385218274,10.610087066217194,71.94109403047372,1006.5641821570788,0
2023-06-25 19:29:48.028918,34.33945295470032,14.634550063508268,10.8655982298007,50.18834468860318,1006.0144090744351,0
2023-06-26 19:29:48.028918,34.20350586746427,14.54835856546352,13.867605540492367,55.355957376906126,1010.08200336827,0
2023-06-27 19:29:48.028918,32.05066950074198,16.44223417562081,16.83682753408089,64.62060893251896,1018.1918942550966,0
2023-06-28 19:29:48.028918,35.556952449976414,16.56192809365434,19.567923131166246,67.83390509282596,1005.4032696226158,0
2023-06-29 19:29:48.028918,35.47087407365356,14.451521737493625,10.984105246598276,57.48461113955504,998.8392220094472,1
2023-06-30 19:29:48.028918,34.940085949449795,14.544742700986578,22.46344284479761,54.02489805308358,1010.744205707955,0
2023-07-01 19:29:48.028918,34.43882976689816,14.67221740796372,13.644381994787157,74.22369861698508,1015.7587039995547,0
2023-07-02 19:29:48.028918,32.052463531531465,13.59715199678187,14.89316352825782,77.3889966379758,1019.0013087486941,0
2023-07-03 19:29:48.028918,34.0141787052437,14.009082728903012,11.263941604260882,69.78858050781795,1010.684193189573,0
2023-07-04 19:29:48.028918,34.13937624726009,13.908261873404744,2.8787986986352916,60.85318142565024,1010.94286696442,0
2023-07-05 19:29:48.028918,33.18666737717747,14.127813392706228,19.42022698180525,51.91734278359074,1018.7695036712787,0
2023-07-06 19:29:48.028918,34.43215781215919,14.842679730358821,18.684219485462165,51.695555934434346,1003.6512915015229,0
2023-07-07 19:29:48.028918,35.52343979680934,15.091883774126652,13.593362214408932,65.22514105265758,1011.0573961240849,0
2023-07-08 19:29:48.028918,38.44543196560186,16.387030574404477,15.33495358612436,64.18398220888683,1013.9521194496253,0
2023-07-09 19:29:48.028918,34.977063663409325,13.815599978134033,17.579696088520496,74.01598592946429,1015.2460936064251,0
2023-07-10 19:29:48.028918,35.09499590460042,15.77426996005403,7.187270715567287,66.50450092536138,1010.4509665340456,0
2023-07-11 19:29:48.028918,34.38014385419706,14.550528998639185,12.354736613268527,44.96919698240182,1013.1722050585292,0
2023-07-12 19:29:48.028918,30.637802406993714,14.688208709143467,18.971323398109135,70.51947617722918,1000.5583632329351,0
2023-07-13 19:29:48.028918,34.36581078127774,15.384238758254691,8.728552884153753,50.01939372685587,1009.7087579383308,0
2023-07-14 19:29:48.028918,34.47999397936975,13.55704475818155,16.467789660833148,56.16028728047648,1015.2675435627723,0
2023-07-15 19:29:48.028918,39.22393176608432,15.031133516740924,8.217090976882975,62.502002062516944,1008.0885298287266,0
2023-07-16 19:29:48.028918,33.84787699542566,14.782751670707007,17.332149912167633,79.95667489783965,1013.294921107948,0
2023-07-17 19:29:48.028918,34.768101664575674,15.074954753962373,14.821792588512583,91.09918556005361,1015.2343625040135,0
2023-07-18 19:29:48.028918,34.02526825040241,14.836514538814267,6.924340920472453,66.06723059136183,1011.2872539957111,0
2023-07-19 19:29:48.028918,31.684318172571317,16.966137263816083,20.823696772285857,58.168033812796125,1013.8523188549829,0
2023-07-20 19:29:48.028918,36.231621679003595,13.835248040735458,11.327042116009753,65.3450564848055,1008.1863371735769,0
2023-07-21 19:29:48.028918,35.371485754265485,13.90281288944415,10.948737814928094,68.87655425873837,1011.9669436015198,0
2023-07-22 19:29:48.028918,35.36869234107468,13.77017369706953,16.002845986154714,56.793323744428086,1016.0510808479461,0
2023-07-23 19:29:48.028918,31.884251480012594,13.796036075640782,20.743186747143575,77.95211355912322,1013.7848648048422,0
2023-07-24 19:29:48.028918,36.422426979707986,13.671032051611377,9.920890905108015,62.30070759191402,1010.0673436521803,0
2023-07-25 19:29:48.028918,30.72438783559227,15.453061511695967,15.308399249239859,64.97743089091394,1014.121082021454,1
2023-07-26 19:29:48.028918,34.610521757487035,15.638908032933106,17.144082501652864,66.65924252054461,1016.573048953183,0
2023-07-27 19:29:48.028918,37.72392955878473,13.600762859832912,18.46552803631572,64.21586610614456,1002.7502936071126,0
2023-07-28 19:29:48.028918,31.26567739082969,13.291019447441306,15.882207776386126,68.38940500469613,1018.7953703247795,0
2023-07-29 19:29:48.028918,32.01543591713807,14.545431244558213,13.164860804583387,53.82746813453077,1011.3187263065946,0
2023-07-30 19:29:48.028918,33.246194375875355,13.471222778569063,10.862048896756402,54.41698246053969,1015.1274496662012,0
2023-07-31 19:29:48.028918,31.93640959308924,14.604612268416329,15.430719415231874,48.99845767028305,1018.9862346182261,0
2023-08-01 19:29:48.028918,29.73614304369133,14.121657973763098,9.639304940071966,64.39501230620226,1006.1416315138476,0
2023-08-02 19:29:48.028918,32.86637607274666,12.34888094657007,0.3932475825269641,67.78936503512114,1009.4527949878623,0
2023-08-03 19:29:48.028918,30.49412628169545,15.356872055903892,17.182799020788337,64.57772866151886,1011.5572565206214,0
2023-08-04 19:29:48.028918,33.45313836343585,15.548854424178263,19.519674205430977,76.74492433347538,1009.0812323943778,0
2023-08-05 19:29:48.028918,30.552094544675473,13.082682816087155,3.1853378222908084,59.94403981170954,1021.674682879184,0
2023-08-06 19:29:48.028918,35.373605225765566,13.249166647929261,9.951346476450311,66.68741655592513,1008.716139530866,0
2023-08-07 19:29:48.028918,30.587861951446072,13.86304965878418,18.095771305025988,49.08299123860686,1010.2222661025656,0
2023-08-08 19:29:48.028918,31.388751810279516,13.850894211332458,25.287477348558493,56.12900297525599,1014.0219451580149,0
2023-08-09 19:29:48.028918,33.53632587022421,14.113189990415268,15.103968538377039,66.95537757565778,1006.9892523696195,0
2023-08-10 19:29:48.028918,29.32192640259737,15.402032056498989,11.359985293854328,68.49102110743144,1011.0215964412187,1
2023-08-11 19:29:48.028918,32.1109228428212,13.151054259312422,14.085517794475798,57.060330523358175,1014.5872663062509,0
2023-08-12 19:29:48.028918,34.1406586883974,12.46488934537782,21.874382095740923,59.28400748141933,1011.3356979780874,1
2023-08-13 19:29:48.028918,28.17983770255985,11.818082857826626,11.770179104377323,44.821262533191906,1012.5330657055002,0
2023-08-14 19:29:48.028918,31.630602759993646,12.3997374815226,11.004039966748731,56.42970799193391,1010.3533394377581,0
2023-08-15 19:29:48.028918,31.645771040428876,13.029875753092218,12.586282389089838,68.90383163519786,1005.4276484540961,0
2023-08-16 19:29:48.028918,32.55250135341377,14.788985668447362,10.233356958706437,65.75205016106567,1014.6079660566962,1
2023-08-17 19:29:48.028918,28.37602484698254,12.40735183533318,15.613351579973978,65.00665721381209,1021.7746653582362,0
2023-08-18 19:29:48.028918,28.06834548318203,13.07841730631419,23.123392292347802,60.4977368718096,1013.0920081539172,0
2023-08-19 19:29:48.028918,31.61077786019408,12.76702446840739,16.615396365580146,60.07063158628176,1014.1263205862377,0
2023-08-20 19:29:48.028918,31.016845975365854,13.899831587897824,13.738232489368562,53.39678860526553,1016.4636137755843,0
2023-08-21 19:29:48.028918,30.778232902688572,15.16555602687203,13.540943655422279,66.98828420202534,1006.6533475172665,0
2023-08-22 19:29:48.028918,30.82294613885661,12.03415608701101,7.184045956516715,64.20972944389389,1021.512573290648,0
2023-08-23 19:29:48.028918,28.621278476874593,12.001224517497565,19.415548885735795,64.92018847992799,1014.011643982114,0
2023-08-24 19:29:48.028918,30.29563338728839,13.459723873552264,14.61081401493599,54.739651573324196,1021.1592844954455,0
2023-08-25 19:29:48.028918,30.26563351552498,13.02163577409012,14.097600432046871,38.46657080128756,1009.33483502238,0
2023-08-26 19:29:48.028918,28.097757868659563,14.109937678092184,30.965537839224304,70.97152711753695,1022.0903096127892,0
2023-08-27 19:29:48.028918,33.10363689255552,12.769972120458968,16.49376454182843,55.211625439915956,1016.875777470174,0
2023-08-28 19:29:48.028918,30.16408177699572,11.748915876799012,11.241044749524079,51.372242359568794,1015.7652004292618,0
2023-08-29 19:29:48.028918,26.676884160617167,12.62040040820354,12.868212018972283,66.93478911913994,1014.1701222717658,0
2023-08-30 19:29:48.028918,30.21446737494061,13.059383659419384,20.742228545983775,56.0798736008087,1011.7573569096278,0
2023-08-31 19:29:48.028918,26.79270658893436,12.691517145891867,15.566352052688822,70.59936384046622,1019.0026582923693,0
2023-09-01 19:29:48.028918,30.15583700836911,12.298107931549401,7.808610108413166,66.17005949576698,1013.7017993492402,0
2023-09-02 19:29:48.028918,30.737392591271497,12.7767754062175,19.59614467287602,66.83569323200477,1003.1646514820642,0
2023-09-03 19:29:48.028918,26.616354167123916,12.798154992359342,11.65927957230503,46.340442887994655,1007.414067691465,0
2023-09-04 19:29:48.028918,30.02102045037273,12.92929308697957,24.366488881087726,72.11943985386401,1012.0707712390363,0
2023-09-05 19:29:48.028918,28.755460018209405,12.113658969757847,20.400240328573243,62.61250531233856,1014.5499949158278,0
2023-09-06 19:29:48.028918,29.40877788127338,11.215210700325347,12.763390521706244,56.307228607537965,1012.7170575555006,0
2023-09-07 19:29:48.028918,31.39218144681458,11.446011427186665,21.405081808675565,61.43388467342251,1019.0948539489683,0
2023-09-08 19:29:48.028918,26.940985035865676,12.422389600444065,15.339277552637016,42.2376476710168,1003.2444906798069,0
2023-09-09 19:29:48.028918,25.756732163959835,10.31516657535017,19.263868375611096,64.08652811480671,1013.7179396825258,0
2023-09-10 19:29:48.028918,25.316946083660426,11.416660780328638,17.423664086472375,49.706284918179286,1003.9101038730643,0
2023-09-11 19:29:48.028918,25.29550203555002,10.570222490413087,10.768216725045633,46.47329714156466,1016.7985614774209,1
2023-09-12 19:29:48.028918,26.603494233506463,10.907593649102152,11.78225083841269,44.77640813782109,1012.52770642779,0
2023-09-13 19:29:48.028918,27.27005437520186,12.072327075391584,20.149804087905807,71.12688374989925,1015.0980498601206,0
2023-09-14 19:29:48.028918,26.97071302112424,10.899764779252004,13.326123339467296,53.707366063072115,1008.6805851970512,0
2023-09-15 19:29:48.028918,27.900857778556503,10.669682188398376,12.981757683790017,75.337277099165,1019.3973246582888,0
2023-09-16 19:29:48.028918,26.10128454598316,9.177784240133752,10.224387103253235,54.64198536947702,1018.2086233202942,0
2023-09-17 19:29:48.028918,28.810818894657313,11.198128936198561,17.117995327967307,42.92642042407053,1015.9177215150594,0
2023-09-18 19:29:48.028918,25.20263851594009,11.011460272349076,25.312624596215727,48.83475560051341,1012.3524137656827,0
2023-09-19 19:29:48.028918,31.000274469003564,12.443222791217623,9.662335428728635,72.35811620006939,1015.8992864264757,0
2023-09-20 19:29:48.028918,26.639088408098182,9.886098621331085,15.12109728336379,58.441018220633325,1009.4655371600633,0
2023-09-21 19:29:48.028918,23.50114096125184,10.326878364706142,22.061102777077146,54.51712703509399,1017.2777782951035,0
2023-09-22 19:29:48.028918,22.901309419922157,10.270930891732947,14.601793043771425,61.60018225852788,1021.2474044716196,0
2023-09-23 19:29:48.028918,25.835664783628282,11.51281325633443,17.26185898124867,65.01782736167544,1018.353052799896,0
2023-09-24 19:29:48.028918,24.25145833322388,9.753896419550838,9.688032359265602,71.1739881590246,1009.351987650963,0
2023-09-25 19:29:48.028918,25.954138463514106,10.0420902634353,17.141535486038244,74.48499229892926,1014.8070865863655,0
2023-09-26 19:29:48.028918,25.30050709710711,10.284912433696551,14.064278674977256,56.40231354210914,1006.5342922812067,0
2023-09-27 19:29:48.028918,24.036460335070256,9.777668203348359,19.928649978399314,46.73952313917962,1015.8619515558784,1
2023-09-28 19:29:48.028918,22.31686005805112,9.058790132543436,20.936930257823754,55.86534838876724,1015.2530170643126,0
2023-09-29 19:29:48.028918,20.80937640937597,9.613625422272158,27.947818210093068,62.60280506582886,1003.6509183023392,0
2023-09-30 19:29:48.028918,22.775009271938316,10.40765133789595,17.898165866067878,50.36241073789389,1007.1910807804381,0
2023-10-01 19:29:48.028918,25.210200854320334,8.222186333425633,16.628981582910832,50.428490851049574,1011.5843055162811,0
2023-10-02 19:29:48.028918,23.755401317724857,9.2965765888791,15.97192150788668,63.437878815498856,1011.4957012642959,0
2023-10-03 19:29:48.028918,20.666043879272074,8.378639903408851,13.234168535946559,59.51347648429549,1006.952615322906,0
2023-10-04 19:29:48.028918,23.334738360632038,10.189234883389679,16.692419217308455,60.327969954115865,1014.9448936467609,0
2023-10-05 19:29:48.028918,23.590464064513416,7.386727747744096,13.522992949304854,52.41504665299931,1014.2573680447026,0
2023-10-06 19:29:48.028918,20.88421503395768,8.267043105908385,15.842304881348072,57.69599285794233,1012.0286543401074,0
2023-10-07 19:29:48.028918,22.7921784135334,9.119575975885693,21.5879876780398,50.757668557316954,1009.2210424992082,0
2023-10-08 19:29:48.028918,22.43469130928563,10.224660965431156,9.967287173601793,68.90198411124787,1018.2435356320829,0
2023-10-09 19:29:48.028918,19.866675782371797,8.510557927943532,20.699392805645225,70.35249334723753,1021.2770355654415,0
2023-10-10 19:29:48.028918,22.703379661908794,7.938702943912916,21.58557533669933,41.53812137761906,1010.5821925807674,0
2023-10-11 19:29:48.028918,22.945457585925936,10.293101336035324,14.409657365044605,50.7048913980759,1009.9391654142258,0
2023-10-12 19:29:48.028918,23.82701834562914,6.882444029223048,4.390725504957027,45.03470744909921,1015.45603832706,0
2023-10-13 19:29:48.028918,23.606539448446714,6.0506617155683715,11.960890064527838,53.49976065593102,1011.209853101265,0
2023-10-14 19:29:48.028918,18.582656382662336,8.609012009341592,21.484972732805545,59.16562030209639,1012.3030139966838,0
2023-10-15 19:29:48.028918,19.302492923032887,7.587017277078954,14.885659688505589,45.5035478030147,1016.6982657586234,0
2023-10-16 19:29:48.028918,22.0494970293241,6.988480430322678,10.003488838525445,50.78140186874687,1003.4532195624636,0
2023-10-17 19:29:48.028918,21.889464656773026,8.639302824773658,12.476125393858913,49.960426279185015,1019.5915116242634,0
2023-10-18 19:29:48.028918,21.735683964400003,8.096595009665153,19.203100132522763,62.07267329398944,1013.3634026216467,0
2023-10-19 19:29:48.028918,28.256023430183017,7.21120159370006,17.7336678410069,60.6934433703625,1010.9425342771891,0
2023-10-20 19:29:48.028918,21.53863541189048,6.418122796581178,13.805339504151528,52.78262446662747,1012.5538292288927,0
2023-10-21 19:29:48.028918,22.515647368501646,8.49471537235037,13.165877940926562,61.76820872139398,1012.8121467751026,0
2023-10-22 19:29:48.028918,22.001594333821462,8.196996581376188,13.04120925478089,54.533199154127345,1004.3439934827753,0
2023-10-23 19:29:48.028918,21.246905894394008,7.372885832111822,10.387949077507487,57.283448896739465,1020.4746911372662,0
2023-10-24 19:29:48.028918,19.16561976571307,9.244716123544547,23.07687844734721,76.73452090298537,1013.2066281613531,0
2023-10-25 19:29:48.028918,21.167677803087344,6.254784914724253,13.3883976539433,73.40461051790348,1015.2150106522369,0
2023-10-26 19:29:48.028918,17.959259790216798,5.726929938721231,21.085792604127484,47.004187630724026,1017.7577488528702,0
2023-10-27 19:29:48.028918,18.888076646905027,6.488948860311279,22.606580259612258,68.29732417879174,1007.8941877121985,0
2023-10-28 19:29:48.028918,18.24946573838245,7.064510400664832,19.9915544907398,68.11396554491591,1015.3673594951762,0
2023-10-29 19:29:48.028918,19.244137469891886,7.2835340448823125,12.841898436409759,48.51736711247382,1011.661794545506,0
2023-10-30 19:29:48.028918,23.57166160553342,6.729936178236873,17.018650451683047,68.1877764375486,1017.2338538760824,1
2023-10-31 19:29:48.028918,15.071569309986266,7.255105244099179,14.87902196804542,75.37931918412554,1002.3638628982425,1
2023-11-01 19:29:48.028918,20.044215723920075,5.5843082473950805,10.48149069634936,48.77455193755586,1012.5045284987937,0
2023-11-02 19:29:48.028918,15.313739610057876,8.21335028029185,16.621796408608017,50.824971789857365,1009.9858967210802,0
2023-11-03 19:29:48.028918,17.464703368914922,6.622132371854325,9.104801044200988,70.17661466843502,1015.1613147531708,0
2023-11-04 19:29:48.028918,20.45782258837951,7.757256528810515,20.93839694230782,62.71495310825648,1015.350220936841,0
2023-11-05 19:29:48.028918,18.28183249763231,6.919361576098394,12.676913513508035,65.51476275239523,1009.4618705258898,0
2023-11-06 19:29:48.028918,15.873168371465507,6.971082182815844,16.005798279364196,63.40589216400497,1009.4391306791198,0
2023-11-07 19:29:48.028918,16.475507406921135,7.0228246929527405,16.41643935773071,63.90695920928144,1012.4466731572134,0
2023-11-08 19:29:48.028918,19.144875063515077,6.840548342840178,13.705475131479613,46.73527871688917,1008.5167888634239,0
2023-11-09 19:29:48.028918,16.206654670043495,6.976416726606429,17.933469007376374,70.47317706621448,1017.2099184772607,1
2023-11-10 19:29:48.028918,17.98419225669389,7.604790068897401,12.625481716887379,71.69589992427774,1011.1539639977627,0
2023-11-11 19:29:48.028918,17.52851917881177,6.415208919203542,19.35648648728622,57.70609255931972,998.4650589033918,0
2023-11-12 19:29:48.028918,16.022522346248294,6.8718652783184755,8.270101598766257,59.56523050186138,1011.1258897168909,0
2023-11-13 19:29:48.028918,21.504239059409056,6.018439746091975,15.63189789773206,44.68892497444278,1007.8072808957802,0
2023-11-14 19:29:48.028918,18.37712955984051,7.494762973051717,24.694644995291423,65.14254756017834,1004.8436209226953,0
2023-11-15 19:29:48.028918,12.954291582575355,5.325896075886015,9.998343376972127,65.72057441714144,1006.8128668088872,0
2023-11-16 19:29:48.028918,17.27514634678313,7.752059291532953,11.611275147375743,59.37808983000689,1013.5470423591648,0
2023-11-17 19:29:48.028918,15.478731878246524,5.860994453247307,17.569539248294575,71.24353359870503,1019.6432041412412,0
2023-11-18 19:29:48.028918,18.40967439067242,4.42162875842194,15.897908909697989,56.659227690200595,1014.5659223693249,0
2023-11-19 19:29:48.028918,15.024733950072852,5.932992128379915,16.753150496367795,65.646059258936,1009.9674830589213,0
2023-11-20 19:29:48.028918,16.287763279851973,5.077566423918004,17.445935650738317,49.80335661307885,1015.2795209758535,0
2023-11-21 19:29:48.028918,17.43719198324443,6.554252261630481,18.17360734280885,59.76447849125762,1010.704548448905,0
2023-11-22 19:29:48.028918,18.071256350495858,5.017249001775417,20.548499209781117,58.25645742097164,1009.5269981541843,0
2023-11-23 19:29:48.028918,13.854254950130072,5.181240448906033,17.049093284642563,62.25307922040942,1007.228186658835,0
2023-11-24 19:29:48.028918,15.503545586091871,3.6967332979413516,13.793711726907288,56.304730711666416,1004.2408559662414,0
2023-11-25 19:29:48.028918,15.142980674559393,5.094129329191577,18.362868506013655,58.68527404328332,1011.0503814672028,0
2023-11-26 19:29:48.028918,14.709182691176975,3.0840412515332427,24.499409674476077,68.26047171441506,1013.7902674496006,0
2023-11-27 19:29:48.028918,19.472389005021657,3.886837438744008,14.336831268087133,55.63235762761782,1012.5168816499256,0
2023-11-28 19:29:48.028918,16.67977491836017,6.195320404363426,10.127353476646793,43.93422899261321,1010.9201653602632,0
2023-11-29 19:29:48.028918,13.279087458972555,6.186227842472155,20.53540334643486,77.4958390420542,1008.2712696965161,0
2023-11-30 19:29:48.028918,17.570356521466522,5.792773875463451,14.39809418023201,73.81454078690487,1016.0412309584249,0
2023-12-01 19:29:48.028918,19.915475346705264,4.368605333210785,4.136652269929819,47.07737304894381,1006.4143404002671,0
2023-12-02 19:29:48.028918,17.67539572378041,5.257521245197079,19.23710838575211,66.89707805245195,1016.8801395692174,0
2023-12-03 19:29:48.028918,12.513817480873676,5.2726761673002835,12.323359070230387,54.97025229448657,1007.9889149053664,0
2023-12-04 19:29:48.028918,14.52898864369362,4.090363705520518,14.547333588479196,62.634872153310596,1009.2378238132349,0
2023-12-05 19:29:48.028918,17.97900200331235,6.725988154236702,16.659901652845072,62.94224129013494,1005.6660740469216,0
2023-12-06 19:29:48.028918,13.980402761438386,6.075233136913646,15.952498398895331,57.65592199683678,1010.4929892655719,0
2023-12-07 19:29:48.028918,16.236796298696493,4.953614547372354,18.5472590856952,52.16234334413603,1017.8765622923898,0
2023-12-08 19:29:48.028918,16.854708902796627,5.179606236963508,12.822568147150783,53.094589476837406,1015.5781404422198,0
2023-12-09 19:29:48.028918,13.410743799870474,5.3406851794608725,17.565528990880413,50.83808084518758,1017.8921105601402,0
2023-12-10 19:29:48.028918,15.107610705370044,3.071595840322532,13.702266612080415,51.681777917695555,1015.6107127296697,0
2023-12-11 19:29:48.028918,8.709087413493616,4.848633664295284,18.694052404437514,59.328217099506446,1007.4816508573482,0
2023-12-12 19:29:48.028918,13.110721900184458,4.397764343428721,18.076837420065267,52.842400108892484,1011.3460538783622,0
2023-12-13 19:29:48.028918,14.625159927808854,4.063528105402671,10.322806489777022,66.8205206571262,1009.0990043544127,0
2023-12-14 19:29:48.028918,12.608461549555548,4.7709136638566685,20.42991058087516,74.87246155335927,1019.6528745201952,0
2023-12-15 19:29:48.028918,18.345522644624843,6.83803654523031,12.32018277442976,54.19946758629957,1007.0160567678685,0
2023-12-16 19:29:48.028918,12.200036776033237,5.671002627244261,19.040288991405724,62.39404500535377,1017.4684884469456,0
2023-12-17 19:29:48.028918,14.162803481432842,4.450267237630608,16.836436567006704,64.99685110302934,1017.4647693505439,0
2023-12-18 19:29:48.028918,15.28990513814651,5.586794773143323,24.190918383975614,64.72002270919275,1022.1481010085804,0
2023-12-19 19:29:48.028918,17.89946499541955,6.407814645229661,13.882670088140738,60.759552679160876,1010.9515670368526,0
2023-12-20 19:29:48.028918,12.136654872314175,5.928823270249295,13.253416019409013,67.42682418359722,1016.5616107979008,0
2023-12-21 19:29:48.028918,17.32913629734993,5.061034766440179,14.902901970561336,64.82248952680658,1024.408259182694,0
2023-12-22 19:29:48.028918,15.020675049583117,4.3531676860663975,13.484101085828623,47.62337577672702,1009.9117916153315,0
2023-12-23 19:29:48.028918,13.03756304860017,5.698513488961625,18.99970950971025,68.69156064389273,1005.3247987623382,0
2023-12-24 19:29:48.028918,15.928129900660094,5.3954468614885265,6.918446957817061,68.87290837266742,1003.5999498304611,0
2023-12-25 19:29:48.028918,15.408355129799205,5.900311089353864,9.73158790426823,52.367138958214184,1016.5635601443066,0
2023-12-26 19:29:48.028918,13.819083080184337,5.644930218932933,9.660985392104035,60.37937835447602,1003.5842489597071,0
2023-12-27 19:29:48.028918,15.171367651923482,6.065434456291058,19.75153795986788,66.83328992811069,1011.1384047353104,0
2023-12-28 19:29:48.028918,14.276344848344822,4.488250809473603,23.553066862909624,57.906861804206386,1015.1865659351948,0
2023-12-29 19:29:48.028918,15.292172686382495,6.349963063574325,14.477753907312643,70.72978047766011,1013.9258776841496,0
2023-12-30 19:29:48.028918,16.410517294678503,5.2407275775106035,14.155891384049946,83.6387249461936,1015.1272243209208,0
2023-12-31 19:29:48.028918,18.282353248744734,7.130420680852279,15.350260815565907,52.140139673650175,1014.1114492790043,0
2024-01-01 19:29:48.028918,12.661690860518586,4.379473110996574,20.809391513040953,46.18955396846225,1019.3943290665669,0
2024-01-02 19:29:48.028918,19.433321396790646,6.819591126904307,10.36323432904713,63.03818595604876,1008.238418096306,0
2024-01-03 19:29:48.028918,11.295933491244986,5.297965328607643,16.191844913673926,67.21562505126144,1009.6150243077074,0
2024-01-04 19:29:48.028918,14.932305234329487,4.466519708585878,19.87598814891215,57.69133626155231,1009.1367027736459,1
2024-01-05 19:29:48.028918,16.45117743534697,4.653385677134587,17.505470849699226,74.53260663321035,1017.1509590593131,0
2024-01-06 19:29:48.028918,15.878084130192004,4.83770288916665,15.947908082993717,46.613942002767516,1017.5019929419753,0
2024-01-07 19:29:48.028918,14.11513615363898,5.604433543042,20.005230462835705,66.9291862303161,1015.2561265965926,0
2024-01-08 19:29:48.028918,14.991589714200847,5.726752595493198,1.4838385350038141,53.94139179241107,1018.9174683344496,0
2024-01-09 19:29:48.028918,14.471981536111723,4.655291698776115,18.38937659765454,77.19377906207296,1007.1097956631181,0
2024-01-10 19:29:48.028918,14.332238349850346,5.231129339608402,11.729621584362881,79.92515353168119,1021.3361205577556,0
2024-01-11 19:29:48.028918,17.265976040344714,7.425656281763196,5.846835515717716,52.33343412216652,1020.6161931085613,0
2024-01-12 19:29:48.028918,16.339409743730744,7.040232556001037,17.556012997624904,54.5044286409142,1016.6781099862287,0
2024-01-13 19:29:48.028918,14.300952035538346,5.77970928270386,21.86829272581479,68.59587886979801,1021.9089945438553,0
2024-01-14 19:29:48.028918,17.550130718094813,5.413468961782355,14.312757426861541,56.12869350210485,1004.7168839616111,0
2024-01-15 19:29:48.028918,16.432437972950478,5.52895079231689,19.764372736014693,59.54588782067762,1010.3777593186867,0
2024-01-16 19:29:48.028918,17.513199474941676,6.057255591362294,23.061391289943227,60.2538842054241,1009.3234826965902,0
2024-01-17 19:29:48.028918,17.21907687788615,4.457117031821057,21.57457226792024,40.80326843802344,1016.6073966187868,0
2024-01-18 19:29:48.028918,14.376859283751761,5.260048115374609,23.199822646856965,59.86162253905763,1007.7492963019893,1
2024-01-19 19:29:48.028918,14.992181197463104,3.887687565050933,18.71063745535946,53.10272225935826,1016.7874757466874,0
2024-01-20 19:29:48.028918,17.687465235464757,5.995662135214395,15.377168194507965,55.06877177600228,1019.8526807199836,0
2024-01-21 19:29:48.028918,17.496570208275394,6.285110778406973,6.990170940514158,74.43632003468814,1016.47601450042,0
2024-01-22 19:29:48.028918,16.319570398654236,5.197500330991892,13.769687559350256,47.434931057207436,1014.4187551183076,0
2024-01-23 19:29:48.028918,16.684139101262314,7.298728930612407,10.783767023419042,68.13205186747977,1008.0606332954962,0
2024-01-24 19:29:48.028918,19.095465532378437,4.544302207398452,25.85471358748907,57.21037069668191,1008.7657451693732,0
2024-01-25 19:29:48.028918,15.450158091669214,4.3522755544606175,14.120570937838316,57.202398315041656,1019.2480945264833,0
2024-01-26 19:29:48.028918,17.823146799975436,6.0889278373776525,15.616024033922429,67.90371896051711,1016.8967450195266,0
2024-01-27 19:29:48.028918,16.422675519500405,6.9606287147962504,17.75742688020234,63.4005129456889,1012.8049024031122,0
2024-01-28 19:29:48.028918,16.492235671523442,7.64772673044681,15.218012231862268,65.70612997219531,1010.9104522711706,0
2024-01-29 19:29:48.028918,19.22808762929464,5.556382699791191,23.475255202153765,69.68184660532862,1002.8709606344431,0
2024-01-30 19:29:48.028918,18.7866704785209,7.146599723703716,11.88675319132774,56.686916168166775,1007.6457379065778,1
2024-01-31 19:29:48.028918,18.8704976261842,6.083230707590754,15.973037276186213,53.87763265492249,1022.5570954356987,0
2024-02-01 19:29:48.028918,19.964381276753485,6.0040845312815945,11.28764707150976,49.148494734422016,1006.5977221449876,0
2024-02-02 19:29:48.028918,17.507648719988907,7.116480455848367,8.399887443896471,51.74589470021045,1013.9473991061054,0
2024-02-03 19:29:48.028918,18.94400307589086,6.942371445063886,11.941154545473573,89.49094425308725,1018.037219865976,0
2024-02-04 19:29:48.028918,17.07622443006995,4.7719868146441815,14.81481601475794,72.44679580736786,1006.7253866599885,0
2024-02-05 19:29:48.028918,18.46392150754981,7.884334751012359,12.8534888774137,46.489256337919784,1013.9235523739054,0
2024-02-06 19:29:48.028918,17.67626829369772,7.8483685553639955,11.53789510063072,46.7754204325643,1017.6895776875533,0
2024-02-07 19:29:48.028918,18.25361072970047,5.904246698347987,7.968412681640831,64.81866061718492,1013.0624966095362,0
2024-02-08 19:29:48.028918,19.375059478543935,6.988176247272464,14.584472136856526,65.47264797377967,1027.3420152783337,0
2024-02-09 19:29:48.028918,16.675455740321677,7.1499787396770484,7.476398129844989,65.48883835317365,1004.657003705609,0
2024-02-10 19:29:48.028918,22.625810607218042,6.981191793747469,18.80027981844801,57.45044206446302,1018.2936426494194,0
2024-02-11 19:29:48.028918,16.560089140135197,6.235756797721882,15.412198764672516,58.745457399970995,1012.1359913130177,0
2024-02-12 19:29:48.028918,16.276744472278548,6.180937480988955,7.712242502675347,63.27879524159357,1016.8596007741834,0
2024-02-13 19:29:48.028918,21.156211668696066,6.89444088985652,13.453954614750682,60.858930062933304,1015.2065357584962,0
2024-02-14 19:29:48.028918,20.560013888506727,8.161073269549792,11.239217972047085,37.80699627252465,1009.33421901445,0
2024-02-15 19:29:48.028918,20.363416450670904,7.601188562877728,16.5958725520959,57.70200369424806,1014.1449819622967,0
2024-02-16 19:29:48.028918,20.512104738445853,6.757092527872541,21.70225223011572,51.485935657396865,1003.7104927430086,0
2024-02-17 19:29:48.028918,19.37286399563665,7.970377481313584,5.624137651771278,61.75211418908512,1016.0162375028569,0
2024-02-18 19:29:48.028918,17.74645736134677,4.421940431529141,15.575130395737085,89.85259002603411,1014.4907923299527,0
2024-02-19 19:29:48.028918,19.837805854127787,8.491864069242272,14.199336022166799,63.67481665474304,1016.1933008432155,0
2024-02-20 19:29:48.028918,18.478682865457145,5.676789365462584,18.356700382252328,56.86470313827602,1018.2905916254357,0
2024-02-21 19:29:48.028918,21.931590601110482,7.128234625734358,16.065983141188447,69.21801501977252,1014.8380992010485,0
2024-02-22 19:29:48.028918,19.837072433660335,6.445923703706162,11.240153341305906,64.82687887209212,1013.7404470989914,0
2024-02-23 19:29:48.028918,18.63147556051594,6.346553501329576,13.404730321666909,64.20094490451841,1008.5946583166935,0
2024-02-24 19:29:48.028918,19.792382771864908,8.878404014963966,11.019870715982556,66.06850593215671,1009.4388961817548,0
2024-02-25 19:29:48.028918,21.415058240505306,7.326896464665138,20.38003569299299,80.56543564829542,1018.9336731008866,0
2024-02-26 19:29:48.028918,19.617097707895375,8.21877728848238,15.10655824335971,48.69111564674084,1020.1816770285299,0
2024-02-27 19:29:48.028918,19.25672194831205,7.903660790843272,24.50595342876504,64.73632076811454,1011.8094478184397,0
2024-02-28 19:29:48.028918,21.546370996678096,8.506539114070257,14.696695930926897,50.73618870018461,1013.2300137362664,0
2024-02-29 19:29:48.028918,21.707934560501016,8.185822600202041,11.457966165447687,65.55512646342248,1008.4769281250311,0
2024-03-01 19:29:48.028918,20.36424367655448,6.906072789459801,7.4314280369358645,50.81313488513906,1018.8637842263372,0
2024-03-02 19:29:48.028918,20.59725820967124,9.265934229901083,5.984301618720275,55.82633186394916,1016.3270841184589,0
2024-03-03 19:29:48.028918,22.165667774234198,7.85702736659815,7.079320284972551,57.049100857620935,1022.7060871823187,0
2024-03-04 19:29:48.028918,18.968612374997576,6.875808630336362,16.335633255057417,69.7581671934471,1008.6083846141013,1
2024-03-05 19:29:48.028918,19.213998251220964,8.086347739021125,17.54362511614967,69.18454443942414,1011.1099605049089,0
2024-03-06 19:29:48.028918,20.75706490979974,10.097736466786618,7.094046489839333,47.542826235536154,1014.1572296126278,1
2024-03-07 19:29:48.028918,21.932920376086365,9.530129081868523,19.475191570380577,60.54934110999849,1016.2324476886289,0
2024-03-08 19:29:48.028918,23.148275629568904,8.414578114778589,12.584694741582803,52.904201452508275,1011.9216618122618,0
2024-03-09 19:29:48.028918,25.644553726474697,8.497662941969368,15.733965059927748,47.414950893246655,1008.6351945477315,0
2024-03-10 19:29:48.028918,24.57722657381773,8.609318612489462,23.061103141277123,57.82982949575629,1017.4070376446178,0
2024-03-11 19:29:48.028918,22.710731604646835,11.092052315847685,19.48419657932766,56.915172115441806,1016.6056768127279,0
2024-03-12 19:29:48.028918,23.16186276116611,9.481883040717298,13.657346760470839,84.26716486345522,1008.4186294971814,0
2024-03-13 19:29:48.028918,21.36465783437129,9.614899929014523,10.544038872923563,64.32959825360696,1019.7772140055275,0
2024-03-14 19:29:48.028918,23.502996092725077,10.30029463638677,4.240922993353475,46.22382499245763,1018.850993545983,0
2024-03-15 19:29:48.028918,23.13344469849346,9.594170147193381,11.404233403787899,54.352259958290574,1013.6714824862389,0
2024-03-16 19:29:48.028918,24.527321786467795,9.181900187075104,13.944348805861528,70.21383295429399,1013.3979893118802,0
2024-03-17 19:29:48.028918,22.398877699426073,9.330319944180381,10.06410236424408,80.88442772869925,1015.7702888555796,0
2024-03-18 19:29:48.028918,25.263768821763033,9.54093663722628,14.343715164538477,44.140166877620416,1008.6914846487188,1
2024-03-19 19:29:48.028918,27.46252008319638,9.661298892085773,15.38425941479384,41.20075614860955,1013.1501573958204,0
2024-03-20 19:29:48.028918,24.351667584080847,10.51222348413426,13.875720090959607,78.70965175371782,1002.2380822769541,0
2024-03-21 19:29:48.028918,25.544884958386124,9.92267664290142,11.749987095882702,63.89614177370904,1017.3822782275147,0
2024-03-22 19:29:48.028918,26.29409995165594,10.689546061332438,15.843273359833638,51.31707268123634,1005.1925338877907,0
2024-03-23 19:29:48.028918,24.283747087994616,9.962377435774561,17.209703247847045,65.34629086122435,1020.517099142145,0
2024-03-24 19:29:48.028918,25.706723449432598,10.207904433221973,9.54800461278577,33.64252260983122,1011.3493995301677,0
2024-03-25 19:29:48.028918,25.45599692056902,8.217205374970607,22.05466189873135,60.03375506597161,1011.9416650903441,0
2024-03-26 19:29:48.028918,25.79830993990643,11.217806546106866,14.507059338578692,63.278211728430854,1009.8613304695775,0
2024-03-27 19:29:48.028918,24.228904639008377,10.733950579257646,15.094248114724238,69.2427013953783,1011.5598056303896,0
2024-03-28 19:29:48.028918,25.99568076198716,11.47134031659429,18.541072116282784,49.861040477074624,1020.0926567257402,1
2024-03-29 19:29:48.028918,27.11411191669928,7.6628022889105,16.166080656317508,60.856871614033594,1000.5609567173246,0
2024-03-30 19:29:48.028918,29.19152523925635,12.732993716613862,19.765683169566223,50.74575373940412,1019.3848269304409,0
2024-03-31 19:29:48.028918,28.378519287460563,10.5903991894899,16.43562082600912,62.55383755674317,1014.6901174055085,0
2024-04-01 19:29:48.028918,30.93664835137621,11.923324534914064,11.93781312679781,51.04653677636976,1006.964891760714,0
2024-04-02 19:29:48.028918,25.265409697252416,9.860146484388727,16.80751762603051,55.918991608397796,1007.6234380347538,0
2024-04-03 19:29:48.028918,28.714032608867665,11.597469572775724,9.281368963396691,50.04184605209771,1021.381965136041,0
2024-04-04 19:29:48.028918,27.504776684063007,10.015630773119495,15.542798528882615,66.51136241823657,1008.2724656002863,0
2024-04-05 19:29:48.028918,31.685764573859746,10.529310393016395,14.833850046777696,68.58451116656666,1007.2332474470202,0
2024-04-06 19:29:48.028918,25.856942930916798,13.150801104680337,13.959415713637302,57.653794300425865,1018.6865727118236,0
2024-04-07 19:29:48.028918,25.960741636128382,11.12941025948162,14.357312442805346,60.382379949600285,1014.6927643814296,0
2024-04-08 19:29:48.028918,26.607261356807346,11.620456197027417,5.590754772511804,45.51408585366456,1008.310372117318,0
2024-04-09 19:29:48.028918,23.723282751406316,12.355604830701719,12.256375461295193,57.00323351993213,1014.0831248770231,0
2024-04-10 19:29:48.028918,27.083708898646254,12.063291358976493,15.464224505705573,59.49795382958255,1007.8712365817986,0
2024-04-11 19:29:48.028918,26.780166777373676,11.799634955384112,15.799281959987002,86.20793091029975,1018.5041069921131,0
2024-04-12 19:29:48.028918,28.761452752044523,12.095293592012279,9.86162429537021,48.88032974225837,1018.3068548243657,0
2024-04-13 19:29:48.028918,29.30538192425757,14.2143505715899,21.328539204323505,74.64177238752437,1015.6600309941097,0
2024-04-14 19:29:48.028918,32.5343402601482,11.833380493824626,10.669125758927496,69.96858773465809,1014.8083053062351,0
2024-04-15 19:29:48.028918,30.841851102677825,12.171600759867829,19.847286002633684,62.806364044901365,1021.8059406243368,0
2024-04-16 19:29:48.028918,27.94502994923028,13.100073026285154,17.135971809358423,77.58620484195134,1012.9984316369412,0
2024-04-17 19:29:48.028918,27.45862384379996,13.233252526206321,11.768863450780984,63.72105472606863,1007.090629372896,0
2024-04-18 19:29:48.028918,30.394643011058957,13.392432639583353,23.87655446304756,63.891591956679285,1015.2473695641615,0
2024-04-19 19:29:48.028918,26.924379130787827,12.92115299444374,9.0318158412176,59.46879346982455,1023.4302352476856,0
2024-04-20 19:29:48.028918,33.38044757760774,11.215760110219033,19.595770868050007,72.23568882418627,1007.9262025340707,0
2024-04-21 19:29:48.028918,32.22769304477796,14.067837933968788,20.002911590214893,70.96469233810883,1011.19268616653,0
2024-04-22 19:29:48.028918,29.08029756151561,11.362979039843822,11.646898954616775,53.743227125037876,1015.0822301905073,0
2024-04-23 19:29:48.028918,26.740724653336873,12.886132320998348,21.962326500321645,46.80752805401232,1012.7304757549713,0
2024-04-24 19:29:48.028918,33.021548010590486,11.902625781110473,13.749767427005237,57.97019362604343,1008.0884820981134,0
2024-04-25 19:29:48.028918,30.229954205176334,12.665378601247793,16.443468146399287,51.999614356023535,1018.6092892811523,0
2024-04-26 19:29:48.028918,33.07827508261645,13.130083639638244,16.301609193856102,59.36475425384645,1024.6002036100863,0
2024-04-27 19:29:48.028918,27.555730962493975,13.193650355491627,14.32845629264726,72.37438134684139,1013.9806572951195,0
2024-04-28 19:29:48.028918,29.686073137525867,13.36433234595199,19.05404136579891,55.4269834491321,1008.47965855132,0
2024-04-29 19:29:48.028918,31.033798898855512,14.62536701876822,18.967443602761065,59.571766186884254,1005.2551973747326,1
2024-04-30 19:29:48.028918,31.25397126583355,13.533539340666012,6.257340133809096,60.58022734808395,1014.2898799061059,0
2024-05-01 19:29:48.028918,30.394747359187498,12.903282515782344,21.521701214390763,68.48430882205284,1018.5193867165813,0
2024-05-02 19:29:48.028918,32.67357596156039,14.178025216721053,6.687540059821629,37.53110666015395,1015.375838732477,0
2024-05-03 19:29:48.028918,29.42372308538768,14.468952461001077,20.162731021708286,53.932997052347034,1012.9879807954057,0
2024-05-04 19:29:48.028918,31.403343923168794,12.116443631468698,20.633525684137915,62.11283692279473,1010.0536417410535,0
2024-05-05 19:29:48.028918,32.055845835753686,14.005027356014804,9.54516784892401,72.00078956426862,1007.5391818364095,0
2024-05-06 19:29:48.028918,32.96925886840247,14.171363342453384,12.945928560227076,55.08097552493795,1017.1737566316244,0
2024-05-07 19:29:48.028918,33.486675353744694,13.234159295423465,9.47147665757032,41.23447293958126,1017.5688581069279,0
2024-05-08 19:29:48.028918,29.935127013751337,14.967912412025155,13.925394848556323,66.19711445966136,1005.2713510665463,0
2024-05-09 19:29:48.028918,29.235013715271894,13.50156544133904,13.459828579071294,53.646376111743706,1020.9491948909034,0
2024-05-10 19:29:48.028918,34.97525651049608,13.835527886821074,18.898302661346698,48.103333409096386,1015.87035610447,0
2024-05-11 19:29:48.028918,33.198986987235784,13.594107657354433,21.55154373059804,53.75654610286776,1019.997973225729,0
2024-05-12 19:29:48.028918,31.14960326444206,13.838867216359052,21.97841905394978,58.1547464234415,1006.2893612575745,0
2024-05-13 19:29:48.028918,35.858825596862125,12.781985736013338,12.18915986710849,53.952553354617876,1006.1708792229228,0
2024-05-14 19:29:48.028918,33.095511488040884,12.492030227133288,13.95389063127736,37.944339429009304,1012.2551534511636,1
2024-05-15 19:29:48.028918,35.32806044280739,15.579238100564842,6.582809038895249,68.97066196887133,1015.5139221344759,0
2024-05-16 19:29:48.028918,33.20743888484233,13.189239612692731,10.970649667519055,72.74875041278722,1021.9818041146348,0
2024-05-17 19:29:48.028918,37.29443502539578,13.095077238359595,19.824258165487286,66.51521991339506,1016.5303945690756,0
2024-05-18 19:29:48.028918,36.78172964725104,11.982133867578602,23.07791411774116,48.62314329575183,1011.7865936159399,0
2024-05-19 19:29:48.028918,32.86877083370097,13.54438781764006,8.82825564060039,57.98508466052482,1007.8681539616705,0
2024-05-20 19:29:48.028918,35.40300616110712,12.906842336191708,12.037678704235528,59.93478684770542,1019.1500028635958,0
2024-05-21 19:29:48.028918,34.841267564525545,15.917272992813993,14.867971215205365,65.9879438956191,1008.1764728712465,0
2024-05-22 19:29:48.028918,36.37588952848217,15.32913029605137,16.400805794098034,66.68340488718081,1021.1423427738616,0
2024-05-23 19:29:48.028918,31.79432340143133,13.673934816118047,10.95198240039177,52.65826201221504,1011.5780767519675,0
2024-05-24 19:29:48.028918,35.17922489477865,16.655996792735195,17.120305222320447,60.819955564135604,1020.9529103630892,0
2024-05-25 19:29:48.028918,36.004305695842135,15.425493848063073,12.630803264645419,64.57280404615241,1016.3946564502963,0
2024-05-26 19:29:48.028918,30.44767172155786,14.157743963693424,14.927738645608605,74.55822322146767,1012.3150225527877,0
2024-05-27 19:29:48.028918,31.67366378062952,12.020684688106963,17.7314212400185,67.04506539824723,1010.4030181408693,0
2024-05-28 19:29:48.028918,30.034060407216042,16.84720495395886,15.03211134905469,67.89056687375519,1011.2954606132696,0
2024-05-29 19:29:48.028918,33.64334739991363,13.201508067637775,12.818070547367157,60.838266279293606,1015.1415834618762,0
2024-05-30 19:29:48.028918,35.68415354436361,12.979135769428952,14.451950980370846,74.10459145203504,1013.3857824810885,0
2024-05-31 19:29:48.028918,37.3179428781324,15.679184818979813,14.558185203973323,64.09762795959497,1010.0309429596565,0
2024-06-01 19:29:48.028918,34.5228107890389,17.12706302043895,13.149944850589362,51.389120898264295,1012.1718429484118,0
2024-06-02 19:29:48.028918,37.69045924483992,16.100886895359185,13.706019686664488,74.0336997012519,1013.3928851485957,0
2024-06-03 19:29:48.028918,31.728829219831447,15.308425188182975,22.993235852523583,66.97903272539028,1002.3563295279259,0
2024-06-04 19:29:48.028918,31.135251715860303,15.365762638950592,17.804597239706194,55.569559788715175,1015.2908405739435,0
2024-06-05 19:29:48.028918,34.48107038729137,15.649498451322609,13.522598409854199,55.205070326007565,1008.101393876416,0
2024-06-06 19:29:48.028918,35.40759570459844,15.578660993146679,18.484772022553678,62.96575545140762,1007.2333379839713,0
2024-06-07 19:29:48.028918,34.61851010908987,15.123141226608404,13.33090255121995,64.63184795267584,1004.5632782644465,0
2024-06-08 19:29:48.028918,30.590572777542434,14.966929592762968,20.865623187933206,61.972922656312065,1004.0305375106606,0
2024-06-09 19:29:48.028918,34.58588449657377,14.819469159900152,16.84821096099047,63.11308673442885,1006.2227624844386,0
2024-06-10 19:29:48.028918,32.190951908700306,14.14598086598833,14.463489279978855,76.9995737457638,1009.4548952118475,0
2024-06-11 19:29:48.028918,36.17209045018196,14.635697599394168,17.238584629051388,70.71543152234887,1022.7662956876328,0
2024-06-12 19:29:48.028918,35.59587463402141,13.238382256718472,7.145619239657504,61.90635591265024,1010.370601620524,0
2024-06-13 19:29:48.028918,33.00992081089126,14.846500564978236,9.366162655450974,69.41310580767484,1013.8887505313402,0
2024-06-14 19:29:48.028918,33.886010219690206,13.968280920030878,9.030374968004722,49.674760964724605,1015.0024069325317,0
2024-06-15 19:29:48.028918,32.81643496034209,13.863841684844228,15.714715473818533,63.979270499468086,1013.6553259310792,0
2024-06-16 19:29:48.028918,34.827669763385316,15.156408130119308,23.66257499742546,78.0930634973311,1012.61278269637,0
2024-06-17 19:29:48.028918,36.878521159059034,16.376120545372878,26.15650073096316,57.81954104607626,1007.0235311820038,0
2024-06-18 19:29:48.028918,33.009031072826986,15.90855818875135,18.190255507203787,51.52366071380915,1020.2546377413961,0
2024-06-19 19:29:48.028918,35.99785729238343,13.424381527050691,17.504222374722286,53.4791111140694,1022.0359832181895,0
2024-06-20 19:29:48.028918,33.935561811121566,14.008410387362886,5.994711329236305,49.10366962657612,1004.5867065293866,1
2024-06-21 19:29:48.028918,33.413673984779244,15.94048101264018,12.28663100132989,52.15238091872297,1007.8798570455681,0
2024-06-22 19:29:48.028918,34.78573035254694,14.017408142689717,11.061081240458805,56.29491901409971,1011.600948288115,0
2024-06-23 19:29:48.028918,32.92670656212124,14.77396245348297,11.89576200874442,45.94432980821358,1008.1773110254491,0
2024-06-24 19:29:48.028918,33.88432221463258,15.545862511688025,14.159280907076052,60.15618333949603,1015.5298277672794,0
2024-06-25 19:29:48.028918,32.58732579753499,14.023196336492706,12.639547111514364,69.02277173786648,1009.358638987967,0
2024-06-26 19:29:48.028918,38.90102628225845,15.091163514358795,5.103500948121061,50.9224381985308,1023.825280339033,0
2024-06-27 19:29:48.028918,35.02763464911664,13.64452827766839,18.73955128058767,75.19283923641768,1018.952742971718,0
2024-06-28 19:29:48.028918,33.54022945206032,14.368472590071535,9.636284871300967,65.10792088527595,1014.062870153161,0
2024-06-29 19:29:48.028918,35.34725978470687,15.27943191576175,16.196234320555746,70.30580585624057,1018.1349313165987,0
2024-06-30 19:29:48.028918,34.67131598713309,13.354992309725707,25.370413348749867,53.42165446147863,1018.5295021217865,0
2024-07-01 19:29:48.028918,34.427764570338375,15.375326622662811,10.403077042067883,68.54525227066615,1010.1802625597088,0
2024-07-02 19:29:48.028918,36.068836217233816,14.9006136096468,2.348562386268352,49.08066099604687,1008.9189137772902,0
2024-07-03 19:29:48.028918,36.32339332646285,15.456678907601267,13.569978890599446,68.90247500836509,1013.3907153148482,0
2024-07-04 19:29:48.028918,33.7123362872853,15.11058342531784,20.504798174992857,61.718393397935316,1017.3081806224898,0
2024-07-05 19:29:48.028918,33.583758775684004,16.231838058460525,24.791737271102967,65.53251219984784,1013.6953019932671,0
2024-07-06 19:29:48.028918,34.14445580975876,14.97250410467893,8.852252027737915,48.24405394375148,1005.115017589045,0
2024-07-07 19:29:48.028918,30.047000228124794,14.39601573767273,17.483496116182607,51.049301577233955,1008.9858777802458,0
2024-07-08 19:29:48.028918,31.57387618292695,14.92442665669431,12.673447716099734,65.97228218253385,1012.6301356820281,0
2024-07-09 19:29:48.028918,37.28856882994995,15.320708176566837,14.470258228479322,50.51651995775799,1012.6216719783708,0
2024-07-10 19:29:48.028918,37.792478637576444,14.800131675612644,28.221716735085174,64.63206292099123,1022.862710883949,0
2024-07-11 19:29:48.028918,33.94937050810553,14.76431298481303,7.485148358024234,46.32862193539754,1006.070060288005,0
2024-07-12 19:29:48.028918,35.542648723433416,13.992775710854186,16.268698307472867,68.48174212666669,1015.5279462091794,0
2024-07-13 19:29:48.028918,34.95133735640708,14.001517606109056,17.338465858827167,47.67476685231491,1020.4455655416415,0
2024-07-14 19:29:48.028918,40.423128989553504,13.23007841452182,20.428931624696737,65.52299937679523,1024.357248727114,0
2024-07-15 19:29:48.028918,36.43829445522651,16.34914905936562,15.489915767354477,66.25630933646,1010.9780128840802,0
2024-07-16 19:29:48.028918,33.87435332060021,13.321231016389586,16.54025269752051,53.03228181570425,1015.457147263601,0
2024-07-17 19:29:48.028918,32.14743859433968,13.836354539974362,13.041757162891045,65.82026567084726,1015.8488017859933,0
2024-07-18 19:29:48.028918,30.771266203160458,13.773672156268601,16.345634706225535,62.60442263333556,1013.9774086577664,0
2024-07-19 19:29:48.028918,34.31405597485314,15.348488728503789,13.284038622512949,54.61158143807262,1012.5057739938035,0
2024-07-20 19:29:48.028918,32.31475045165762,14.118776292821089,18.107859449280255,49.91445315923792,1015.1798769475002,0
2024-07-21 19:29:48.028918,30.900644816563027,15.620318190552922,13.15194831978183,40.373743083274206,1000.3387695739016,0
2024-07-22 19:29:48.028918,32.367108269359335,13.656636394678326,16.885501969510933,63.496500472996935,1016.4103474503131,0
2024-07-23 19:29:48.028918,31.409686567487693,14.565385449582044,14.853685931575109,44.35197228637945,1013.6308895183098,0
2024-07-24 19:29:48.028918,36.857047107359364,13.406034865347358,20.63025125386084,60.95344199441308,1011.8876255161086,0
2024-07-25 19:29:48.028918,35.153504086960645,16.340261414304262,14.743031382057568,57.36551783917751,1023.2343109785978,1
2024-07-26 19:29:48.028918,33.279246996286794,12.9599977204305,6.134837658965592,66.79142775438196,1009.6253299060472,1
2024-07-27 19:29:48.028918,36.15758346999675,14.408668306335377,21.309607503569957,56.97954500510136,1010.9846200546748,0
2024-07-28 19:29:48.028918,33.25249889805096,14.682658022309962,10.471338495686904,56.70552213652908,1022.9577665110237,0
2024-07-29 19:29:48.028918,31.272854841452897,14.411510719506213,11.731168306755901,67.31870704288295,1008.8396934757507,0
2024-07-30 19:29:48.028918,35.936956639334824,13.760066583520048,12.021693529782539,63.35058029084117,1010.2494235853173,0
2024-07-31 19:29:48.028918,33.86146920661092,13.762003859887377,21.872190465854086,63.16155957182778,1012.2648728828458,0
2024-08-01 19:29:48.028918,30.599784649887155,13.880949951249145,4.321628930106522,64.69267589808527,1017.2036724106478,0
2024-08-02 19:29:48.028918,32.18194714482865,13.634310248869443,30.68874266829997,44.64427876792894,1014.0390125367666,0
2024-08-03 19:29:48.028918,30.69748841570054,14.688241578029938,20.28028404533026,67.56788679986983,1006.5368732642387,0
2024-08-04 19:29:48.028918,29.567012604593558,15.876829034852467,16.1161945706458,66.12468794013603,1010.339157184364,0
2024-08-05 19:29:48.028918,34.06667552941755,13.049668432169302,14.725529996918569,49.83316871423503,1009.963227833939,0
2024-08-06 19:29:48.028918,35.91271845549919,12.177139607700388,16.427770374288286,57.55919526325799,1012.6138947738848,0
2024-08-07 19:29:48.028918,29.17420692503759,13.397388987986682,17.605612141896692,59.606927123723686,1015.1292182931492,0
2024-08-08 19:29:48.028918,32.97266601393976,16.003073107933627,18.226077929750286,58.655032155982674,1015.0910287794399,0
2024-08-09 19:29:48.028918,30.418793467311577,12.556364734807884,17.778022330017244,63.338599665685344,1004.119941229758,0
2024-08-10 19:29:48.028918,30.617182131976822,14.934833255197173,15.447903406276245,74.31366781831184,1018.3197049378043,0
2024-08-11 19:29:48.028918,30.276040799085084,14.908115137857852,14.013307898463369,70.81766727672829,1014.2628442299831,0
2024-08-12 19:29:48.028918,29.600323117469316,12.610564086706479,14.24363358173244,46.87780806568594,1019.9226602379696,0
2024-08-13 19:29:48.028918,31.290943560719896,13.665933231600395,14.025458598236595,66.22069990306049,1015.2209916364534,0
2024-08-14 19:29:48.028918,29.395755294991517,14.657224387035333,20.668850484335323,73.28933319535409,1018.5066147886788,0
2024-08-15 19:29:48.028918,31.46052446044044,12.580677663452894,17.967783611404307,63.868085206892026,1015.3327265572507,0
2024-08-16 19:29:48.028918,30.67933094706106,12.686323222877306,0.29805682667859834,70.90980425185967,1019.7311287810137,0
2024-08-17 19:29:48.028918,30.160390045882135,12.237462155858834,18.279503882648804,80.12270445700764,1015.6112531800889,0
2024-08-18 19:29:48.028918,28.67996245662487,11.732788159661167,15.973680973593874,70.23709546106981,1012.5104237677855,0
2024-08-19 19:29:48.028918,29.196717976762525,12.025852773883589,14.906456217770513,62.49308595641729,1024.3621736022344,1
2024-08-20 19:29:48.028918,31.714624196657752,11.377980605740863,13.057407734555571,70.45088474084753,1017.4451856113994,0
2024-08-21 19:29:48.028918,31.057710983466347,12.562021772368018,20.620563599930065,61.44887833096891,1015.868722105022,0
2024-08-22 19:29:48.028918,27.951298703567844,11.683231365523831,19.737632310614288,60.23903043284955,1006.6184779173083,0
2024-08-23 19:29:48.028918,29.954148522717997,12.61152786772052,11.135611660881954,56.485857642862676,1006.5584619126823,0
2024-08-24 19:29:48.028918,31.10591985623944,10.745677158544304,17.035261435622676,75.63413358832108,1014.4635774107093,0
2024-08-25 19:29:48.028918,26.110628988883676,12.555600007777667,10.141716327293569,51.81571334057999,1013.7276059888412,0
2024-08-26 19:29:48.028918,30.381131792971964,12.980734665714971,8.101909176055347,75.32367724678116,1009.9293871749584,0
2024-08-27 19:29:48.028918,27.812859727159708,10.075317979954246,11.866413877050174,64.99864123740372,1013.7049134980603,0
2024-08-28 19:29:48.028918,30.12177084227954,12.36434332239418,19.311967361913794,46.006938251980586,1020.943134640218,0
2024-08-29 19:29:48.028918,27.295338684051842,13.13859749104173,19.765625226880434,63.67649292991422,1016.4770123727515,0
2024-08-30 19:29:48.028918,25.05224068009444,10.621361422020534,17.565427100486467,38.99973492348376,1007.2949574512363,0
2024-08-31 19:29:48.028918,25.24597977985677,13.423104714649252,18.625478934239986,66.25508016831036,1012.4424558642853,0
2024-09-01 19:29:48.028918,28.435254034044174,12.08856107972675,17.58089143557479,68.8523148298899,1008.9751675957372,0
2024-09-02 19:29:48.028918,28.6955564702535,10.883043877646859,11.792592023885238,54.07644044347946,1011.0615004179572,0
2024-09-03 19:29:48.028918,26.203561808578947,11.450328451736176,17.159612723369705,61.235476959555825,1010.9319216718518,0
2024-09-04 19:29:48.028918,29.124568539521707,11.982018723505202,19.002047626138413,79.54157433750287,1010.61177208698,0
2024-09-05 19:29:48.028918,24.358686003068463,11.416868455215603,18.771456649067872,54.942532957380635,1006.724323140133,0
2024-09-06 19:29:48.028918,27.383112201063025,11.796391891625198,20.944566857373214,49.410924129433994,1012.361726592409,0
2024-09-07 19:29:48.028918,24.92603769411515,10.253361453740665,18.541519236005318,74.81663402462598,1010.1969618157634,0
2024-09-08 19:29:48.028918,25.876498479339936,11.259446171508205,16.757241037707914,79.62587190530795,998.3527565499886,0
2024-09-09 19:29:48.028918,27.106420833703158,9.592097248630186,20.350751191582138,60.03695671847847,1023.2648601225084,0
2024-09-10 19:29:48.028918,25.121651832736042,10.810013220303272,14.867393703754699,70.11463035408356,1018.4438482710833,0
2024-09-11 19:29:48.028918,25.903675082075907,9.932485443802989,10.59062674386141,73.41475915530881,1011.118496375375,0
2024-09-12 19:29:48.028918,28.515182352755488,10.015768424573537,14.184665180281181,52.57515767461616,1013.094095248703,0
2024-09-13 19:29:48.028918,25.178177084881344,11.902073587174257,11.275486775967755,55.14694164632132,1007.1417282634122,0
2024-09-14 19:29:48.028918,27.832313365382593,11.671774691220424,11.624108625128091,72.30874513154735,1021.4786143890543,0
2024-09-15 19:29:48.028918,23.730138796496835,11.103914373813213,14.277406646422412,76.85014278708509,1022.4864434738655,0
2024-09-16 19:29:48.028918,26.87749019544657,9.316628155135422,11.037900395000193,65.62880860174354,1013.7834686412326,0
2024-09-17 19:29:48.028918,28.529105393355774,10.006575626325185,13.460192351804798,51.20185646497946,1018.1176532209267,0
2024-09-18 19:29:48.028918,20.5305735244155,11.450028962314224,5.531926665231072,79.87061111699441,1013.8764338946696,0
2024-09-19 19:29:48.028918,23.707825585183464,10.292524961702112,16.066468536864694,54.690291021880356,1006.3163728056204,1
2024-09-20 19:29:48.028918,26.283424301219167,12.383969563410739,15.00602737681112,56.64862218828548,1010.9408831551817,0
2024-09-21 19:29:48.028918,24.550814811869625,10.371770631372177,10.914556844659046,63.423378344896214,1013.6596398338598,0
2024-09-22 19:29:48.028918,25.526835672658212,10.084321079447829,18.296228342162024,75.54160420714774,1010.7272614062828,0
2024-09-23 19:29:48.028918,23.4042759140002,9.497006679513419,19.68785068813279,68.53975976552223,1011.9067336128248,0
2024-09-24 19:29:48.028918,24.613243439121476,9.853572836870121,6.9622006781551296,64.1486550036191,1012.5430022124544,0
2024-09-25 19:29:48.028918,23.956693346799845,9.481554072411459,11.186376107168929,64.63288530118106,1012.5956075106727,0
2024-09-26 19:29:48.028918,26.43181338297693,10.256233306517249,11.154288251063509,60.43514668643466,1013.2612924524874,0
2024-09-27 19:29:48.028918,24.433560924375087,10.419061935680913,10.300484494455677,65.58139514518507,1007.696974668017,0
2024-09-28 19:29:48.028918,24.428714043665945,8.590764899249821,19.147374209658743,34.70439922305697,1009.4149192543604,0
2024-09-29 19:29:48.028918,22.758914645290865,7.960101335210121,14.030869306135983,57.033925409302014,1006.5770786715002,0
2024-09-30 19:29:48.028918,22.43703712628643,7.369919414112412,13.677425793446947,62.41321934916781,1017.889077748431,0
2024-10-01 19:29:48.028918,22.377185972026087,9.629142500745209,4.980688177966233,48.48985916380493,1002.4717652907984,0
2024-10-02 19:29:48.028918,23.861781679275705,7.933072091085682,18.17709015104613,63.8632331781156,1018.7679517165847,0
2024-10-03 19:29:48.028918,22.062056095448003,6.799121935591781,8.803708025732638,57.95528779013878,1019.9317469863142,0
2024-10-04 19:29:48.028918,23.31534522111802,9.256476358193561,15.299663151331641,77.5547569831549,1011.4890970650869,0
2024-10-05 19:29:48.028918,26.719040329419457,11.27711888349708,16.386884689790957,75.73019725214857,999.9843145608635,0
2024-10-06 19:29:48.028918,24.143653925356702,8.694631347706766,21.803292979193255,55.34194430881837,1011.1934471901635,0
2024-10-07 19:29:48.028918,21.58329537437991,9.45616199380944,8.455898004404439,58.49162288433305,1012.6790791935559,0
2024-10-08 19:29:48.028918,24.47252967999148,8.616880276379362,0.0,59.260524343916074,1007.9470089003554,0
2024-10-09 19:29:48.028918,21.08958106207282,8.35397625086682,15.919247723768475,55.483405238403776,1010.4239080309588,0
2024-10-10 19:29:48.028918,17.666032125816955,9.2902170810741,24.002555907554267,61.950249840281266,1020.6509759943168,0
2024-10-11 19:29:48.028918,19.563625944908512,7.999624739183009,21.19473176469719,52.4171793111241,1016.3246358115088,0
2024-10-12 19:29:48.028918,17.676748357064078,8.476558413629798,16.048297076373128,48.693846650624735,1008.3771794281095,0
2024-10-13 19:29:48.028918,20.55490310252838,8.450662841501513,12.541819071839763,66.22711223900268,1005.0120041520229,0
2024-10-14 19:29:48.028918,21.13547660070615,7.381229467520474,19.035612983186553,66.29529584221811,1011.3649134119512,0
2024-10-15 19:29:48.028918,24.293383469528106,8.962296772025292,10.132269001477656,51.956842403400074,1011.9327161032478,0
2024-10-16 19:29:48.028918,21.43743881235618,7.716832275718518,17.381788846781095,68.95355430762599,1015.4809959368166,0
2024-10-17 19:29:48.028918,20.189711072116264,7.058210905374152,17.527350795833133,53.68422270834669,1010.3234164371617,0
2024-10-18 19:29:48.028918,22.132350457654685,8.273279491214259,20.3010495374944,62.53165238037981,1015.5574978768093,0
2024-10-19 19:29:48.028918,15.898240813056614,6.761787733745155,28.798300194555388,68.20344012612456,1022.6757702003011,0
2024-10-20 19:29:48.028918,20.640103123250753,7.61261816088594,16.962079835893835,59.66387435296287,1017.0775051122213,0
2024-10-21 19:29:48.028918,21.560402467742357,7.500217043340007,12.455181871462507,64.54740912141135,1012.7595574633461,0
2024-10-22 19:29:48.028918,16.912777788577664,8.52087070590025,14.872128439040027,54.835703561124284,1012.0842476447335,0
2024-10-23 19:29:48.028918,22.010260884417036,7.836074631881542,6.15462047555441,58.03533416571903,1011.2166343291007,0
2024-10-24 19:29:48.028918,20.254116186089355,7.263534726805118,11.526434344554708,57.94140569119659,1018.9032045622607,0
2024-10-25 19:29:48.028918,18.60252944323811,8.034318934720144,12.953587809434481,52.53421653459761,1009.8634327702434,1
2024-10-26 19:29:48.028918,20.556305022861988,8.535578194342023,12.379558010327038,58.23225836884218,1013.2261135449999,0
2024-10-27 19:29:48.028918,23.6914594468701,7.632847171982514,15.76177436016861,44.51381701136253,1013.2559895094055,0
2024-10-28 19:29:48.028918,19.374876900257842,7.015924814913807,10.887900338088997,55.08846252857895,1010.4910790359423,1
2024-10-29 19:29:48.028918,19.37043572066865,5.625161041683828,20.605153336622358,57.15124506630329,1006.1376722605795,0
2024-10-30 19:29:48.028918,17.819943157990473,5.804218815460107,15.001035324590985,57.4382024750462,1014.6148725180883,0
2024-10-31 19:29:48.028918,16.905507089388113,6.497373209804181,14.953498394306928,57.58502554129221,1012.694980140723,0
2024-11-01 19:29:48.028918,20.134298453255944,6.127301207924443,13.36052641743541,59.382358001398714,1015.5012023471828,0
2024-11-02 19:29:48.028918,16.63182937456933,6.485027210208085,15.775953419294895,64.79441518086064,1010.3319984678042,0
2024-11-03 19:29:48.028918,18.3594774389735,6.664822407164465,19.125491323338174,68.74517074132523,1019.1041064940653,0
2024-11-04 19:29:48.028918,17.135393670984893,7.075047036614293,10.664348921445498,53.50234773151733,1008.6161310939408,0
2024-11-05 19:29:48.028918,18.925084808801923,6.413063800595479,11.709417554623716,47.967991446108556,1021.5602014200895,0
2024-11-06 19:29:48.028918,18.512955674455345,6.909317375766927,13.481369856116677,49.57955587756897,1004.2618174508586,0
2024-11-07 19:29:48.028918,19.801343472785316,6.427606206944879,8.270645382633926,55.12797078805073,1015.1738503227845,0
2024-11-08 19:29:48.028918,16.58902418914742,4.329061927074586,10.903710701392512,56.48078682183491,1015.3771534126331,0
2024-11-09 19:29:48.028918,16.95429662724778,5.307687855098506,12.618895632276704,52.30003933802543,1009.0222146602956,0
2024-11-10 19:29:48.028918,15.423738859287724,6.046545589704553,19.37194590356364,47.038833357501055,1015.121969689305,0
2024-11-11 19:29:48.028918,16.382163356713175,4.925680195591592,16.312806645009626,55.43879172525812,1019.3975933488008,0
2024-11-12 19:29:48.028918,17.917131080266103,6.681193777084403,15.967949556837722,61.814266201139716,1001.9159058032296,0
2024-11-13 19:29:48.028918,18.570616331969067,7.559070381682879,19.25448981083986,65.95029465835565,1015.513724037454,0
2024-11-14 19:29:48.028918,15.108777705944687,7.195316028847286,14.313141058003017,54.42576946891679,1000.5336458983496,0
2024-11-15 19:29:48.028918,18.591180463867705,5.712541440897983,16.952324249644448,55.87002177856566,1008.1716759823839,0
2024-11-16 19:29:48.028918,19.46452567651884,7.3673511163044205,14.483891235337518,50.73301691152689,1021.1458318245047,0
2024-11-17 19:29:48.028918,17.483851499282625,5.9771583036197224,16.326811746998143,59.685608296252234,1010.0910898330397,0
2024-11-18 19:29:48.028918,20.316784055229636,5.444510243938712,12.08620671194209,51.515713658091855,1007.1306001779551,0
2024-11-19 19:29:48.028918,14.924331640616021,5.122552355870644,2.805914208617855,65.731278132412,1012.0103113550766,0
2024-11-20 19:29:48.028918,13.893852235541377,5.389111134593978,14.328604189068479,42.14133508065889,1023.3395316908178,0
2024-11-21 19:29:48.028918,12.739533112589367,5.260309986657733,22.113740680499703,56.40370327547538,1003.8415887639699,0
2024-11-22 19:29:48.028918,19.205460175989774,5.777101998881193,19.631077011207964,63.01107339191742,1007.7434504418032,0
2024-11-23 19:29:48.028918,17.441111623816184,5.726764136603899,19.826987422955852,61.83834516322504,1020.4871584158981,0
2024-11-24 19:29:48.028918,15.942854608205542,5.53005799516664,21.18065360903109,86.93033663980496,1022.2885117176886,0
2024-11-25 19:29:48.028918,16.53826300482927,5.926101045841163,15.443287954807188,63.49800024567907,1012.4828438785486,0
2024-11-26 19:29:48.028918,13.65433011559035,6.643300379879893,15.986578537027977,49.959454031579895,1006.8047364873668,0
2024-11-27 19:29:48.028918,20.726496979325205,6.367050645487101,11.91174052282825,59.04535752910927,1023.4792175090458,0
2024-11-28 19:29:48.028918,16.02584343896255,3.8988025690561434,13.41963571986475,42.23753666533548,1020.972211958746,0
2024-11-29 19:29:48.028918,15.921342048096042,2.797355094541173,18.07885574885571,59.194002507032394,1016.3947349388112,0
2024-11-30 19:29:48.028918,17.091999688309684,6.254553131495423,21.019422185844082,51.669439429992416,1008.9379882553129,0
2024-12-01 19:29:48.028918,16.543179931297253,3.9237020354964915,14.302768621595002,69.15390275560162,1012.7548532958098,0
2024-12-02 19:29:48.028918,15.97242321096647,5.03756217931142,12.749053675742942,54.504597254044654,1012.1981995947758,0
2024-12-03 19:29:48.028918,13.890015403379985,4.065369131075945,15.002639794282986,58.832340842047536,1014.6542565230778,1
2024-12-04 19:29:48.028918,16.363041591117103,3.4080720008425365,18.006033744645574,53.64442158595597,1020.2550071906567,0
2024-12-05 19:29:48.028918,19.136140955204418,5.727508709331963,7.780725919332291,77.38851351853332,1017.3970852056871,0
2024-12-06 19:29:48.028918,18.017779929129155,5.9226250787122465,3.5190952343138093,56.78757233882088,1007.6131196150762,0
2024-12-07 19:29:48.028918,18.471035170098528,4.565820557683147,12.247315752542082,78.32557043479201,1019.8824822500977,0
2024-12-08 19:29:48.028918,14.222839411646426,2.531593090109488,8.896437870429207,68.14151762118266,1014.5656607000658,0
2024-12-09 19:29:48.028918,13.229568443862123,4.558144593937159,12.459299011763445,64.82066727335386,1016.4353289792946,0
2024-12-10 19:29:48.028918,14.923620879487082,5.479401365245735,14.261098405912643,63.6873314731752,1020.332704296393,0
2024-12-11 19:29:48.028918,15.255980473802973,3.593353755838663,12.733757954884933,63.93797298216251,1007.4420987524322,0
2024-12-12 19:29:48.028918,17.3051780213096,5.2417574119630075,22.262337672353727,40.7232742065439,1012.8208721064677,0
2024-12-13 19:29:48.028918,11.707066706921909,5.030688134002778,16.6337238230116,57.21116605849244,1010.342727243204,0
2024-12-14 19:29:48.028918,18.129241602756355,5.614361981518652,16.502371798054142,68.45157971184321,1005.1607028731727,1
2024-12-15 19:29:48.028918,14.735220673548234,5.14519860376726,18.11103572021701,59.51102816525894,1014.7335498880246,0
2024-12-16 19:29:48.028918,14.181525964257903,4.044575111194816,9.305834411096154,45.94810153196425,1025.557782757922,0
2024-12-17 19:29:48.028918,12.998091852473442,6.20772180316138,20.195558937101342,59.4759554942253,1003.7996112774713,0
2024-12-18 19:29:48.028918,11.702564482539874,4.847609340108736,14.621178567322701,77.04105516255491,1012.8385969447527,0
2024-12-19 19:29:48.028918,16.651563920027975,4.975306836542142,18.352403086206063,72.4689171553472,1016.2027146753738,0
2024-12-20 19:29:48.028918,15.147773411178761,4.0673007793277804,9.640713834799222,59.379959906339685,1013.6153910082809,0
2024-12-21 19:29:48.028918,12.420101414761294,4.556729355930191,7.231206169919679,69.51449277058086,1012.4343597374213,0
2024-12-22 19:29:48.028918,12.411722751387753,4.116137433730591,19.089448290125144,56.33492979631948,1006.5039181827709,0
2024-12-23 19:29:48.028918,14.335138770232467,4.830408024482939,16.882047630487584,42.96128413173281,1014.1639337147009,0
2024-12-24 19:29:48.028918,18.352548450184916,6.718961179945408,10.489742228212448,50.75534011870445,1009.2161801149203,0
2024-12-25 19:29:48.028918,14.506086968337257,3.6407336926008775,10.651684593626527,75.62888768508198,1002.0503914751073,0
2024-12-26 19:29:48.028918,12.032711878508941,3.405937494495835,20.627173922073847,57.26006918170696,1018.9729611025687,0
2024-12-27 19:29:48.028918,14.56419953337224,6.499013158265672,9.05294053566336,57.56616020624982,1017.7919290992102,1
2024-12-28 19:29:48.028918,14.529881203412563,4.828340494302085,23.213364766279817,57.00161803725119,1013.2583048842554,0
2024-12-29 19:29:48.028918,9.704146706423781,4.379887257493547,10.496896326760655,79.04136589573007,1014.1453734410285,0
2024-12-30 19:29:48.028918,15.014864163934181,6.101631635880979,18.191959628041914,76.25958915362062,1018.3715900635779,0
2024-12-31 19:29:48.028918,14.690053409460562,4.470345695202095,13.356907621255077,82.18780233448135,1014.1216982838904,0
2025-01-01 19:29:48.028918,16.575729981646624,6.91766833955683,18.015937155411716,58.40954789599949,1017.5200877738066,0
2025-01-02 19:29:48.028918,18.91554110479522,5.786740328791534,12.279429989429037,62.95624488747095,1011.5125889956307,0
2025-01-03 19:29:48.028918,17.50797732242922,4.639512223521149,14.18603546963853,44.833574505792086,1019.5599186928697,0
2025-01-04 19:29:48.028918,14.757183857320967,7.304788832480818,15.204595876978606,74.76934426118274,1014.6039286296634,0
2025-01-05 19:29:48.028918,13.124907103443068,4.563264537459865,9.989062721092637,48.32220448732065,1013.9702597180294,0
2025-01-06 19:29:48.028918,20.53054714120123,5.934009139360061,18.704121727100627,62.16775563762629,1006.6496945564398,0
2025-01-07 19:29:48.028918,15.550990318611023,5.5155693056975155,12.433932167642073,49.02697472367156,1014.4347792715085,0
2025-01-08 19:29:48.028918,15.511980774215356,6.54380238459353,13.857000423299906,54.11133173261304,1008.8402254125277,0
2025-01-09 19:29:48.028918,15.490268257022487,6.8307704123481,10.028253126957438,51.627375689503,1009.8085863673575,0
2025-01-10 19:29:48.028918,15.99189553164587,5.329867154120847,2.1883317060234475,53.92124739324182,1008.9231218584194,0
2025-01-11 19:29:48.028918,15.36700710476646,4.574446093960989,14.044861186999155,54.608772968510216,1007.6688253405039,0
2025-01-12 19:29:48.028918,14.571182344320162,5.819225321979434,27.06307710806458,54.517312050749226,1023.6238570150848,1
2025-01-13 19:29:48.028918,14.690324762355022,4.714305952665797,18.92302143949012,68.33333911780306,1019.656695309942,0
2025-01-14 19:29:48.028918,15.786810775318546,7.439545905401895,14.903698101328027,48.9513720693748,1022.6018375107213,0
2025-01-15 19:29:48.028918,14.836460541757983,5.598190373095494,13.685545853958661,62.20541427013867,1006.8855249022222,0
2025-01-16 19:29:48.028918,14.571308289865026,5.133178376297569,15.112329464060231,72.17959152305559,1013.3562687495545,0
2025-01-17 19:29:48.028918,16.28622518890035,5.721362672623186,17.73559557587605,54.86803635486604,1006.5324618739795,0
2025-01-18 19:29:48.028918,15.642427593391709,4.229064724587014,9.095935923455777,52.82081109252398,1009.5215256140146,1
2025-01-19 19:29:48.028918,19.242014237725726,4.645400091769524,20.571608473344362,57.69475374819749,1008.4093650829171,0
2025-01-20 19:29:48.028918,11.01633955375212,6.859553493213498,18.57690657720622,71.7972520836071,1019.1979200322078,0
2025-01-21 19:29:48.028918,18.588123428111476,5.04566058316188,18.59092862853967,61.94107630953358,1011.0188516094912,0
2025-01-22 19:29:48.028918,18.986664506337906,4.700336077989385,17.192378694048635,54.68785705392401,1018.3418966684701,0
2025-01-23 19:29:48.028918,12.439625337710819,6.329855653790844,15.09808328846995,64.8387665118804,1016.0206044479426,0
2025-01-24 19:29:48.028918,15.995442269475184,7.026112883480939,18.3643061798341,48.977078501635766,1024.518193760524,0
2025-01-25 19:29:48.028918,16.034819301663337,6.607803827492527,17.95907066870689,66.81359510442948,1005.6027788843014,0
2025-01-26 19:29:48.028918,14.062004353640186,6.934561557343731,13.22979644529488,64.08607307701767,1019.296166198934,0
2025-01-27 19:29:48.028918,15.423134697267807,5.2325889476553185,12.131991135515495,56.92191528861116,1018.7322043520037,0
2025-01-28 19:29:48.028918,14.861740100224301,4.619635228836135,15.509281476309933,51.61414201552769,1008.1331058098648,0
2025-01-29 19:29:48.028918,20.69390884723351,7.596017632148619,22.74510075747594,51.133190777165424,1018.0356666823658,0
2025-01-30 19:29:48.028918,19.16952172863113,5.8264026323259674,8.804464621730496,65.3481733634591,1014.6807248151312,0
2025-01-31 19:29:48.028918,19.952360599594932,5.95379218834826,7.6623736712378,72.28980502489063,1011.8626187002329,0
2025-02-01 19:29:48.028918,18.96593548289556,7.589489819253603,15.823804206182583,53.626922529712054,1008.88032256514,0
2025-02-02 19:29:48.028918,15.380050557939189,6.875307059587484,15.25443850928009,64.58386703551484,1009.4044527427541,0
2025-02-03 19:29:48.028918,16.706863775995895,6.83383992635933,15.866708321852041,39.12972981397931,1023.2490604789297,0
2025-02-04 19:29:48.028918,18.854556114093665,8.602905840719998,16.219765989542502,54.153822693428005,1013.0034140947874,0
2025-02-05 19:29:48.028918,15.553570904544419,5.855395030784012,13.883988726825974,59.68941067129098,1016.9106500076573,0
2025-02-06 19:29:48.028918,19.547923504689553,7.488803450253626,22.449317193010412,50.90316583018166,1009.0455030916622,0
2025-02-07 19:29:48.028918,17.767419686872152,6.681048366491295,6.995480107617421,50.63493625210404,1009.1007352688918,0
2025-02-08 19:29:48.028918,17.62657894200133,6.95670255741352,10.857514876098769,53.322204435311136,1018.4099240462497,0
2025-02-09 19:29:48.028918,19.92825872460651,8.281637820512294,14.483726199254763,62.921927283263734,1006.2521189422423,0
2025-02-10 19:29:48.028918,19.526913136767448,7.327029013187309,6.784055944229163,58.12670981593625,1010.9239311604737,0
2025-02-11 19:29:48.028918,18.050392166239348,7.424458327988388,14.120727977839644,37.61768766675028,1013.1701370553611,0
2025-02-12 19:29:48.028918,21.226772549501767,8.026563808696437,23.30735082864009,38.792998473649334,1013.5568630092002,0
2025-02-13 19:29:48.028918,16.883584845773424,6.657903020943725,15.104432441479808,53.931348221428244,1012.1045335749192,0
2025-02-14 19:29:48.028918,20.416950501008255,6.253329976220858,16.153504528593416,64.57686586053552,1014.9790989054796,1
2025-02-15 19:29:48.028918,20.512377406092305,6.1182782510567355,8.699176174137099,32.52495157274765,1016.4642787790891,0
2025-02-16 19:29:48.028918,18.849863507000364,5.268121603438171,11.918192959802614,55.002698238483696,1016.6731877272966,0
2025-02-17 19:29:48.028918,20.265647392632363,9.362897804014386,13.124018098380315,54.73752143482579,1008.0709809566608,0
2025-02-18 19:29:48.028918,17.2571797112225,6.276495066274869,13.41142451621883,73.88337778208448,1011.579224510356,1
2025-02-19 19:29:48.028918,21.755043582274812,7.232241148344732,21.408218975018844,56.149781882871366,1018.9738143093847,0
2025-02-20 19:29:48.028918,19.686281262875553,7.251229467991846,17.78845530362562,63.829889847409284,1017.4732359378694,0
2025-02-21 19:29:48.028918,19.16120449700816,7.910731966832221,9.44271021531484,61.41257140087463,1006.1357027425947,0
2025-02-22 19:29:48.028918,22.456658264246023,8.49505711882542,16.232523892160025,38.694335201928,1014.757399501761,0
2025-02-23 19:29:48.028918,19.103320816909857,8.616477587357434,17.491108742483924,67.68207216631737,1003.108873753126,0
2025-02-24 19:29:48.028918,17.849787530462166,7.250277623025704,20.700745192606334,62.15396505456288,1013.2346745103018,1
2025-02-25 19:29:48.028918,17.70944127373834,7.744228096606662,22.902703432841868,65.0826863967459,1022.4888350837299,0
2025-02-26 19:29:48.028918,22.191950243526545,8.272545120905933,9.924529040860657,99.26237706436326,1008.260536413655,0
2025-02-27 19:29:48.028918,18.577496859582602,7.820486656104037,10.94571244394831,39.158870605014116,1008.8283847725421,0
2025-02-28 19:29:48.028918,24.807516582284205,9.756309685177731,8.71211070542692,77.24696649761108,1016.8201489078643,0
2025-03-01 19:29:48.028918,17.29474207165668,8.720275395350313,13.829900704465093,57.12552480599644,1005.2859924239518,0
2025-03-02 19:29:48.028918,25.013238566995927,9.045040701257744,17.331791872231673,62.873289044030095,1009.8362248505748,0
2025-03-03 19:29:48.028918,22.205089927543213,9.054408765236401,19.93667258294551,59.54487754698758,1015.9822056879087,0
2025-03-04 19:29:48.028918,21.753313799308078,9.646843869009757,14.620244881787386,55.757636666019565,1009.828570761553,0
2025-03-05 19:29:48.028918,21.021494109967364,8.736687700496338,13.40076238372578,54.30167071761241,1011.8201500639451,0
2025-03-06 19:29:48.028918,23.07505509731797,7.341559486351068,15.758789961243702,63.29508735573009,1016.7209285515752,0
2025-03-07 19:29:48.028918,22.367773212113274,9.121209260234126,10.824285491849885,44.82826303328321,1015.1077304176828,1
2025-03-08 19:29:48.028918,24.816665891063266,8.153674169723281,25.447693608473866,67.50579167521765,1014.3340919814771,0
2025-03-09 19:29:48.028918,23.006247068785402,8.360279203980905,6.961694864409706,55.83805595114746,1011.3043886036498,0
2025-03-10 19:29:48.028918,23.246785234819935,9.559454874703183,15.923702894478623,48.69930660959642,1014.8503055763448,0
2025-03-11 19:29:48.028918,22.387957489349844,10.295874028322412,25.118031096148197,55.49987142004186,1012.3813365995012,0
2025-03-12 19:29:48.028918,23.170850913776057,9.163642657345157,15.03399922279999,72.57149216862572,1015.2890280496289,0
2025-03-13 19:29:48.028918,24.07041560970571,9.536239048559759,14.049804824992528,54.64664912983777,1010.5153398744101,0
2025-03-14 19:29:48.028918,20.20500432683924,11.014885500711483,13.212772885947864,63.5845361820962,1012.0871551281023,0
2025-03-15 19:29:48.028918,21.09990776754065,9.638892485364606,14.098041591187961,52.69043724284526,1008.0502110372399,0
2025-03-16 19:29:48.028918,25.45410196723942,12.08547000377739,21.864242373382652,67.57921849923619,1012.8249619499688,0
2025-03-17 19:29:48.028918,24.480906592932044,10.135097503969623,3.940690443352466,66.85507738790204,1008.9449956818557,1
2025-03-18 19:29:48.028918,23.943066762539058,7.8947539584663895,22.667168506481627,78.48608833296412,1007.42976774919,0
2025-03-19 19:29:48.028918,24.519963736073844,10.49488955607606,7.880214237749275,58.244360545007844,1014.2933057392769,0
2025-03-20 19:29:48.028918,25.35047530571133,10.208814332376772,13.666738353827926,66.68654804757907,1014.0636988792883,0
2025-03-21 19:29:48.028918,23.748110978339387,11.203567923561799,12.85377789850669,60.98067539538945,1016.9143686747428,0
2025-03-22 19:29:48.028918,23.44339054919537,10.673181351269957,17.9427663488536,72.95871781863015,1010.8443721521245,0
